"animal","season","dose.kg.t","n","pH.m","pH.s","pH.mn","pH.mx","dpH.m","dpH.s","dpH.mn","dpH.mx","e.rel.m","e.rel.s","e.rel.mn","e.rel.mx","red.m","red.s","red.mn","red.mx"
"Afgasset","April",0,11,7.89681818181818,0.243457108412064,7.575,8.295,0,0,0,0,38.6619010020529,10.4284951155566,21.7181781875617,55.0793339444865,0,0,0,0
"Afgasset","April",1,11,7.64872510144486,0.211067013112602,7.32427526706371,7.95914207208215,0.248093080373326,0.0788881226977106,0.0736020235753001,0.369608765561109,35.5504366836129,8.91759263448932,20.3617218446638,50.2693735987758,7.55876979641445,3.607166867752,2.07778270576138,15.9995916354871
"Afgasset","April",2,11,7.34080822538147,0.133933991594599,7.0760034739144,7.58663416291375,0.556009956436716,0.131692428653226,0.36747130212762,0.767356779680719,31.2523192105504,6.45491331494481,19.1212212961824,39.3260038455283,17.8670682121734,5.80980011063279,10.9960611607684,28.8925086489956
"Afgasset","April",3,11,7.13554641014553,0.128062377011574,6.90201295282358,7.37688933360673,0.761271771672655,0.16048760374358,0.536556402508411,1.01203186348126,28.1969020299754,5.32154052819441,18.4175097458921,34.4971933428456,25.4386608227516,7.39045066212691,15.1977224478247,41.8219841527547
"Afgasset","April",4,11,7.00591394005989,0.11158481974563,6.7997277563339,7.12370672999131,0.890904241758293,0.199294263636853,0.6170560648819,1.17342808274035,26.1054512987984,4.34456650720856,17.9509040946608,30.7246195003386,30.4809135770826,8.82036405983162,17.3461791332867,49.0880864498821
"Afgasset","April",5,11,6.93120257039701,0.115350112742226,6.71649792706409,7.0419294790938,0.965615611421171,0.216851993666285,0.66373524294643,1.31302985747149,24.8993706508053,3.8817570163131,17.6530759504231,29.271318812673,33.454064223484,9.42165693722679,18.7175102903739,52.5701264553596
"Afgasset","April",10,11,6.61319056873354,0.221989949935781,6.16631622375487,6.84925977013032,1.28362761308464,0.255691001489392,0.914582359487469,1.77851386584365,20.1189652765895,3.79004855112007,13.7633344298521,24.9550545895364,46.0384944917244,10.9530783583495,26.3377948908697,63.0540320731493
"Afgasset","April",20,3,5.50227530739511,0.962135332595176,4.39232448786353,6.09861836023996,2.60272469260489,0.980034729297363,1.98411692591817,3.73267551213647,9.11765480904642,6.05288765176608,2.12854196486912,12.6531399914301,80.26832713696,14.2697469173968,68.4876202104161,96.1354979945574
"Afgasset","April",25,1,4.84687292152835,NA,4.84687292152835,4.84687292152835,3.34312707847165,NA,3.34312707847165,3.34312707847165,3.41063206587174,NA,3.41063206587174,3.41063206587174,93.5798622986647,NA,93.5798622986647,93.5798622986647
"Afgasset","Efterår",0,11,7.89681818181818,0.243457108412064,7.575,8.295,0,0,0,0,41.6793020025359,12.2898618508582,22.2530646796064,61.1759785410294,0,0,0,0
"Afgasset","Efterår",1,11,7.64872510144486,0.211067013112602,7.32427526706371,7.95914207208215,0.248093080373326,0.0788881226977106,0.0736020235753001,0.369608765561109,39.553515821741,11.2649761624756,21.0938804924789,58.2178720267808,4.84707009155706,2.01188368757272,1.4449404242963,9.53772453022268
"Afgasset","Efterår",2,11,7.34080822538147,0.133933991594599,7.0760034739144,7.58663416291375,0.556009956436716,0.131692428653226,0.36747130212762,0.767356779680719,36.5852685784539,9.62522328204456,20.0795165673526,50.5516135319232,11.5130363774489,2.97792376572076,7.46444522109935,17.3668901789297
"Afgasset","Efterår",3,11,7.13554641014553,0.128062377011574,6.90201295282358,7.37688933360673,0.761271771672655,0.16048760374358,0.536556402508411,1.01203186348126,34.331117200631,8.60999774478646,19.521971472324,44.9103639781057,16.6603870432679,4.22854173566561,12.2728857647428,26.9451196421814
"Afgasset","Efterår",4,11,7.00591394005989,0.11158481974563,6.7997277563339,7.12370672999131,0.890904241758293,0.199294263636853,0.6170560648819,1.17342808274035,32.6876542237561,7.67935261477744,19.1583758449569,42.3696845423497,20.2744248204226,5.51332509971489,13.9067983633088,33.0810143035879
"Afgasset","Efterår",5,11,6.93120257039701,0.115350112742226,6.71649792706409,7.0419294790938,0.965615611421171,0.216851993666285,0.66373524294643,1.31302985747149,31.7087736326645,7.21829101953947,18.9284763154238,41.1050467444844,22.4731306530651,6.08035989064494,14.9399123763362,36.2596580160552
"Afgasset","Efterår",10,11,6.61319056873354,0.221989949935781,6.16631622375487,6.84925977013032,1.28362761308464,0.255691001489392,0.914582359487469,1.77851386584365,27.47048626687,6.34757341036611,17.671624707419,36.0422053938307,32.6115705426136,8.2222969646791,20.5879057026515,46.9586536195827
"Afgasset","Efterår",20,3,5.50227530739511,0.962135332595176,4.39232448786353,6.09861836023996,2.60272469260489,0.980034729297363,1.98411692591817,3.73267551213647,14.6737348408003,10.0747441549922,3.08578266245312,21.3565264467168,70.3993537096662,21.7724049170173,53.4552568123003,94.9558916162108
"Afgasset","Efterår",25,1,4.84687292152835,NA,4.84687292152835,4.84687292152835,3.34312707847165,NA,3.34312707847165,3.34312707847165,5.43751115735908,NA,5.43751115735908,5.43751115735908,90.5253048572426,NA,90.5253048572426,90.5253048572426
"Afgasset","Maj",0,11,7.89681818181818,0.243457108412064,7.575,8.295,0,0,0,0,40.8842504836894,11.7587161946541,22.1205353826372,59.5685856482854,0,0,0,0
"Afgasset","Maj",1,11,7.64872510144486,0.211067013112602,7.32427526706371,7.95914207208215,0.248093080373326,0.0788881226977106,0.0736020235753001,0.369608765561109,38.4614518878025,10.556572091602,20.9101220379943,56.0467533098382,5.58917670506683,2.48001613107687,1.60904747279527,11.4888879882898
"Afgasset","Maj",2,11,7.34080822538147,0.133933991594599,7.0760034739144,7.58663416291375,0.556009956436716,0.131692428653226,0.36747130212762,0.767356779680719,35.066623480994,8.61773266324027,19.8352716783053,47.1620917369177,13.3140033317313,3.86631300250246,8.40894375327514,20.8272427091357
"Afgasset","Maj",3,11,7.13554641014553,0.128062377011574,6.90201295282358,7.37688933360673,0.761271771672655,0.16048760374358,0.536556402508411,1.01203186348126,32.5252857199744,7.50955908844347,19.2375379150523,41.7831993242721,19.2275205026191,5.29662238389149,13.0331269913467,31.6881876106087
"Afgasset","Maj",4,11,7.00591394005989,0.11158481974563,6.7997277563339,7.12370672999131,0.890904241758293,0.199294263636853,0.6170560648819,1.17342808274035,30.7009097414552,6.5219886590493,18.8450612862059,38.3806566476182,23.3317986305581,6.68762000589653,14.8073906882119,38.3849126600578
"Afgasset","Maj",5,11,6.93120257039701,0.115350112742226,6.71649792706409,7.0419294790938,0.965615611421171,0.216851993666285,0.66373524294643,1.31302985747149,29.6237691772408,6.04081353011267,18.595848961417,37.0376403082989,25.8093677538473,7.29296837333126,15.9340014165606,41.7717111046168
"Afgasset","Maj",10,11,6.61319056873354,0.221989949935781,6.16631622375487,6.84925977013032,1.28362761308464,0.255691001489392,0.914582359487469,1.77851386584365,25.0812170071445,5.35586002681442,17.220997934451,32.2180709973426,36.9511321518896,9.35881485458968,22.149271540832,52.7532807397191
"Afgasset","Maj",20,3,5.50227530739511,0.962135332595176,4.39232448786353,6.09861836023996,2.60272469260489,0.980034729297363,1.98411692591817,3.73267551213647,12.5907931231825,8.60029626883441,2.67588580596727,18.034102295293,74.1238531626199,19.0653071001289,58.9010363494816,95.5078909850795
"Afgasset","Maj",25,1,4.84687292152835,NA,4.84687292152835,4.84687292152835,3.34312707847165,NA,3.34312707847165,3.34312707847165,4.57992015222392,NA,4.57992015222392,4.57992015222392,91.8638264204803,NA,91.8638264204803,91.8638264204803
"Afgasset","Marts",0,11,7.89681818181818,0.243457108412064,7.575,8.295,0,0,0,0,35.6014416820347,8.91186705081845,21.082120586649,48.9847755008941,0,0,0,0
"Afgasset","Marts",1,11,7.64872510144486,0.211067013112602,7.32427526706371,7.95914207208215,0.248093080373326,0.0788881226977106,0.0736020235753001,0.369608765561109,31.8237794315009,7.25066949133638,19.5228508068735,43.0205158296546,10.039169532158,4.73272175951833,2.73541280363022,20.4165754060488
"Afgasset","Marts",2,11,7.34080822538147,0.133933991594599,7.0760034739144,7.58663416291375,0.556009956436716,0.131692428653226,0.36747130212762,0.767356779680719,26.8129917461392,4.58092907572214,18.0701751912262,33.0265157858169,23.1617009274923,7.49289385116785,14.2867288091036,37.0504112156565
"Afgasset","Marts",3,11,7.13554641014553,0.128062377011574,6.90201295282358,7.37688933360673,0.761271771672655,0.16048760374358,0.536556402508411,1.01203186348126,23.4999371868968,3.64469822133943,17.2407120109853,29.4604694622209,32.1901314855885,8.8552432138649,18.2211678368654,50.7450860910863
"Afgasset","Marts",4,11,7.00591394005989,0.11158481974563,6.7997277563339,7.12370672999131,0.890904241758293,0.199294263636853,0.6170560648819,1.17342808274035,21.3618733130167,2.81731390791514,16.6907962386516,24.9789904010264,37.8760028619972,10.1042902716084,20.8296140321782,57.7710336613184
"Afgasset","Marts",5,11,6.93120257039701,0.115350112742226,6.71649792706409,7.0419294790938,0.965615611421171,0.216851993666285,0.66373524294643,1.31302985747149,20.1635312815813,2.44190655123506,16.3404155930049,23.210442471018,41.1279158683303,10.6240426775365,22.4915941171825,60.9881808144822
"Afgasset","Marts",10,11,6.61319056873354,0.221989949935781,6.16631622375487,6.84925977013032,1.28362761308464,0.255691001489392,0.914582359487469,1.77851386584365,15.7033943658633,2.83502506660175,10.7270685616634,20.0149180352612,54.0510403201706,11.3027408222378,31.6229178649865,70.1655891743239
"Afgasset","Marts",20,3,5.50227530739511,0.962135332595176,4.39232448786353,6.09861836023996,2.60272469260489,0.980034729297363,1.98411692591817,3.73267551213647,6.75639285393264,4.26917159168958,1.82805902309547,9.31787532904585,84.205110436139,10.8823672229911,75.1258277165249,96.2681077857301
"Afgasset","Marts",25,1,4.84687292152835,NA,4.84687292152835,4.84687292152835,3.34312707847165,NA,3.34312707847165,3.34312707847165,2.75676616553609,NA,2.75676616553609,2.75676616553609,94.3256785099787,NA,94.3256785099787,94.3256785099787
"Afgasset","Sommer",0,11,7.89681818181818,0.243457108412064,7.575,8.295,0,0,0,0,42.4105649610597,12.8067344417919,22.3698664513668,62.6512236104451,0,0,0,0
"Afgasset","Sommer",1,11,7.64872510144486,0.211067013112602,7.32427526706371,7.95914207208215,0.248093080373326,0.0788881226977106,0.0736020235753001,0.369608765561109,40.5856707670718,11.9877991097618,21.2571430125008,60.2613259962152,4.14449916887416,1.56469686682457,1.29612739016659,7.54378054728816
"Afgasset","Sommer",2,11,7.34080822538147,0.133933991594599,7.0760034739144,7.58663416291375,0.556009956436716,0.131692428653226,0.36747130212762,0.767356779680719,38.0688554521489,10.6912072016335,20.298669849901,53.9728420793666,9.76255988066629,2.06693326123678,6.58999258069399,13.8518947132449
"Afgasset","Sommer",3,11,7.13554641014553,0.128062377011574,6.90201295282358,7.37688933360673,0.761271771672655,0.16048760374358,0.536556402508411,1.01203186348126,36.1449483519096,9.8272422890003,19.7789232002746,48.9498685070899,14.1006133361372,3.05644456651738,11.5822919941206,21.8692538050779
"Afgasset","Sommer",4,11,7.00591394005989,0.11158481974563,6.7997277563339,7.12370672999131,0.890904241758293,0.199294263636853,0.6170560648819,1.17342808274035,34.7275315623003,9.00269123194206,19.4428390975575,46.6665963272258,17.1624077848504,4.16526475211676,13.0846885481983,27.2060689111109
"Afgasset","Sommer",5,11,6.93120257039701,0.115350112742226,6.71649792706409,7.0419294790938,0.965615611421171,0.216851993666285,0.66373524294643,1.31302985747149,33.8771370134347,8.58583537463269,19.2315066677104,45.539188349403,19.0349622318823,4.65839131019353,14.0294077771064,30.0391783369444
"Afgasset","Sommer",10,11,6.61319056873354,0.221989949935781,6.16631622375487,6.84925977013032,1.28362761308464,0.255691001489392,0.914582359487469,1.77851386584365,30.0991531958556,7.62346406522574,18.0913570760831,40.2973400105523,27.8782485908153,6.74517539021147,19.1262177831294,39.9643417143133
"Afgasset","Sommer",20,3,5.50227530739511,0.962135332595176,4.39232448786353,6.09861836023996,2.60272469260489,0.980034729297363,1.98411692591817,3.73267551213647,17.3707189152817,11.9024913150731,3.74409086388243,25.7350182623193,65.5863171768132,25.0449624948166,46.8147774924843,94.0239142220708
"Afgasset","Sommer",25,1,4.84687292152835,NA,4.84687292152835,4.84687292152835,3.34312707847165,NA,3.34312707847165,3.34312707847165,6.78319541465412,NA,6.78319541465412,6.78319541465412,88.3815317926613,NA,88.3815317926613,88.3815317926613
"Kvæg","April",0,8,6.95125,0.19571754428987,6.69,7.305,0,0,0,0,25.9957008300107,3.99352469056055,20.8367578834161,32.0222506322035,0,0,0,0
"Kvæg","April",1,8,6.74922283329575,0.193141396777446,6.49425252157361,7.07123871436007,0.202027166704251,0.063097046890606,0.12977742617794,0.32509546471586,22.6990047345419,3.69684322186144,17.861459933457,28.3639331731816,12.7272197882165,3.34410014833007,8.49604633082701,19.1613810585135
"Kvæg","April",2,8,6.56716770667194,0.196952699380727,6.33441303199032,6.93264052228064,0.384082293328064,0.0795062454097197,0.294761182678601,0.55981617581537,19.6358948833656,2.98425523207346,15.5138730014202,24.3303242875751,24.2990190591578,5.0938858355593,13.8991797843968,31.0265224633498
"Kvæg","April",3,8,6.41810201032551,0.213242615425549,6.17884851872421,6.81106354885376,0.53314798967449,0.105402139365133,0.414696064991981,0.77213766821182,17.3397889098171,2.86870192539482,13.3835480965006,21.3755464184853,33.1399787093517,6.55784766437686,18.8454534223627,41.3719459756176
"Kvæg","April",4,8,6.27098992547695,0.251362630152047,5.93343053781307,6.70430951683065,0.680260074523046,0.150221784427567,0.53463041903096,1.02156946218693,15.2894592209285,3.11797034844561,10.994092060666,19.6418620445469,41.1886866134569,8.13092852650134,23.3249088326726,49.550826034744
"Kvæg","April",5,8,6.10546379381203,0.313864177091108,5.60808663417596,6.61942034661233,0.845786206187974,0.221551326284182,0.654187173723961,1.34691336582404,13.2210461663007,3.48443701129971,8.25717779502149,18.6181754362903,49.3104099959404,10.4364802115481,26.9587053842209,60.563014461427
"Kvæg","April",10,7,5.25920677206334,0.46971225280281,4.70590616325557,6.10818944279115,1.69150751365094,0.269186861583427,1.19681055720885,1.98409383674443,5.98889151142203,3.40753723732718,3.46551976781913,13.007301052973,77.5874164131095,12.9878971159722,48.9708262972712,85.1619057428263
"Kvæg","Efterår",0,8,6.95125,0.19571754428987,6.69,7.305,0,0,0,0,34.0785596646222,7.29153249976278,23.5824736184928,42.7390166361438,0,0,0,0
"Kvæg","Efterår",1,8,6.74922283329575,0.193141396777446,6.49425252157361,7.07123871436007,0.202027166704251,0.063097046890606,0.12977742617794,0.32509546471586,31.1129564156479,6.56451629015017,21.3245469564277,39.5880007362904,8.60660203981965,2.60516651485904,5.51563135309039,13.9125483751045
"Kvæg","Efterår",2,8,6.56716770667194,0.196952699380727,6.33441303199032,6.93264052228064,0.384082293328064,0.0795062454097197,0.294761182678601,0.55981617581537,28.0695044823509,5.40131959954866,19.4809559362339,35.7314050740241,17.192643115101,4.26084665650321,9.04453771087311,23.7092274208812
"Kvæg","Efterår",3,8,6.41810201032551,0.213242615425549,6.17884851872421,6.81106354885376,0.53314798967449,0.105402139365133,0.414696064991981,0.77213766821182,25.5758355505167,4.78475166277467,17.6564288624324,32.5948063777305,24.3775309126856,5.85902775150924,12.3333855134812,33.1226631740774
"Kvæg","Efterår",4,8,6.27098992547695,0.251362630152047,5.93343053781307,6.70430951683065,0.680260074523046,0.150221784427567,0.53463041903096,1.02156946218693,23.1740260621185,4.650234168923,15.3606964165049,30.610957621651,31.4854212665244,7.55651317238305,15.3856063777813,41.2009071121324
"Kvæg","Efterår",5,8,6.10546379381203,0.313864177091108,5.60808663417596,6.61942034661233,0.845786206187974,0.221551326284182,0.654187173723961,1.34691336582404,20.520688213884,4.76475320094292,12.2731116825954,28.2813148134019,39.3938151787315,10.0979338134114,17.928190743287,50.2784712503389
"Kvæg","Efterår",10,7,5.25920677206334,0.46971225280281,4.70590616325557,6.10818944279115,1.69150751365094,0.269186861583427,1.19681055720885,1.98409383674443,9.41893977731535,4.58159993622735,5.38728922573852,17.9361460993812,72.3915101518879,17.0290239555752,35.3313197750909,83.202340606465
"Kvæg","Maj",0,8,6.95125,0.19571754428987,6.69,7.305,0,0,0,0,31.5542811586985,6.11082902468327,22.8636879832089,39.4567749050136,0,0,0,0
"Kvæg","Maj",1,8,6.74922283329575,0.193141396777446,6.49425252157361,7.07123871436007,0.202027166704251,0.063097046890606,0.12977742617794,0.32509546471586,28.387920808004,5.47063162961054,20.330330319936,36.0251046819081,9.96518595307281,2.92610846824132,6.33647907779288,15.8616243622591
"Kvæg","Maj",2,8,6.56716770667194,0.196952699380727,6.33441303199032,6.93264052228064,0.384082293328064,0.0795062454097197,0.294761182678601,0.55981617581537,25.2317730305326,4.38030315327732,18.2889300686867,31.95307977424,19.6434491272211,4.70169125075456,10.4097360705317,26.5539720666282
"Kvæg","Maj",3,8,6.41810201032551,0.213242615425549,6.17884851872421,6.81106354885376,0.53314798967449,0.105402139365133,0.414696064991981,0.77213766821182,22.7223066770676,3.91613161876615,16.3126950875502,28.7487175516424,27.505390998994,6.30821990786245,14.2014621123348,36.4683874240735
"Kvæg","Maj",4,8,6.27098992547695,0.251362630152047,5.93343053781307,6.70430951683065,0.680260074523046,0.150221784427567,0.53463041903096,1.02156946218693,20.3677530025748,3.95792607778273,13.905505497536,26.7723852876893,35.0697949676501,7.99253426086072,17.7057410126259,44.7109168696062
"Kvæg","Maj",5,8,6.10546379381203,0.313864177091108,5.60808663417596,6.61942034661233,0.845786206187974,0.221551326284182,0.654187173723961,1.34691336582404,17.8479875812058,4.22803423143355,10.8312345835635,24.5009945825166,43.2036253348996,10.4975066490395,20.6083151587051,53.7019804901338
"Kvæg","Maj",10,7,5.25920677206334,0.46971225280281,4.70590616325557,6.10818944279115,1.69150751365094,0.269186861583427,1.19681055720885,1.98409383674443,8.06209687148623,4.23289743561943,4.5899800258868,16.32933951807,74.6522710577926,15.8909184455576,39.848038149643,84.3836244096013
"Kvæg","Marts",0,8,6.95125,0.19571754428987,6.69,7.305,0,0,0,0,20.6788031631043,2.82402069835062,16.9639764613551,24.7413004612074,0,0,0,0
"Kvæg","Marts",1,8,6.74922283329575,0.193141396777446,6.49425252157361,7.07123871436007,0.202027166704251,0.063097046890606,0.12977742617794,0.32509546471586,17.6277519268766,2.7729496101276,14.487749627897,21.4043187658383,14.9005099302323,3.47402158690692,11.0868272276207,20.8908872516786
"Kvæg","Marts",2,8,6.56716770667194,0.196952699380727,6.33441303199032,6.93264052228064,0.384082293328064,0.0795062454097197,0.294761182678601,0.55981617581537,14.9904720175366,2.45235183791827,12.617583480134,19.040441423216,27.5828022595565,4.86467264147074,17.9662309655999,33.0665941876982
"Kvæg","Marts",3,8,6.41810201032551,0.213242615425549,6.17884851872421,6.81106354885376,0.53314798967449,0.105402139365133,0.414696064991981,0.77213766821182,13.0990645565349,2.45316123220024,10.6694789459028,17.6335901654045,36.7989062807591,6.06878238041846,24.0275038417814,43.2851449925535
"Kvæg","Marts",4,8,6.27098992547695,0.251362630152047,5.93343053781307,6.70430951683065,0.680260074523046,0.150221784427567,0.53463041903096,1.02156946218693,11.4708937688272,2.63614695805686,8.58795658064202,16.4009256947389,44.8355280677469,7.47719229650382,29.3383109935633,53.5659851821308
"Kvæg","Marts",5,8,6.10546379381203,0.313864177091108,5.60808663417596,6.61942034661233,0.845786206187974,0.221551326284182,0.654187173723961,1.34691336582404,9.89694803298999,2.89445547494875,6.39175239519619,15.4313853132561,52.5975509660273,9.50453064529328,33.5154752701807,65.4405884981194
"Kvæg","Marts",10,7,5.25920677206334,0.46971225280281,4.70590616325557,6.10818944279115,1.69150751365094,0.269186861583427,1.19681055720885,1.98409383674443,4.65315660644046,2.6106531409949,2.81743327095744,10.1441880509566,78.4085249345537,10.0554634947876,56.2948168523534,84.1469408669888
"Kvæg","Sommer",0,8,6.95125,0.19571754428987,6.69,7.305,0,0,0,0,36.7466729386809,8.65874633575443,24.2564741053838,46.135390397812,0,0,0,0
"Kvæg","Sommer",1,8,6.74922283329575,0.193141396777446,6.49425252157361,7.07123871436007,0.202027166704251,0.063097046890606,0.12977742617794,0.32509546471586,34.095352307534,7.9171216398986,22.2974568859205,43.3939945512761,7.12027832130766,2.18311309394854,4.74009163689245,11.5841107651388
"Kvæg","Sommer",2,8,6.56716770667194,0.196952699380727,6.33441303199032,6.93264052228064,0.384082293328064,0.0795062454097197,0.294761182678601,0.55981617581537,31.2976364372465,6.76624964036108,20.6938922106939,39.9327479695612,14.3977038632275,3.60600970160109,7.73430130633225,20.1349338810915
"Kvæg","Sommer",3,8,6.41810201032551,0.213242615425549,6.17884851872421,6.81106354885376,0.53314798967449,0.105402139365133,0.414696064991981,0.77213766821182,28.9285892323522,6.04319984831003,19.0800065705347,37.0210233985354,20.6826081049531,5.11246993261902,10.5119208647648,28.702673289476
"Kvæg","Sommer",4,8,6.27098992547695,0.251362630152047,5.93343053781307,6.70430951683065,0.680260074523046,0.150221784427567,0.53463041903096,1.02156946218693,26.5776750043235,5.72065005827899,16.9880011724536,35.1294525641384,27.0933810589829,6.77023476173693,13.0880735329953,36.3561416387755
"Kvæg","Sommer",5,8,6.10546379381203,0.313864177091108,5.60808663417596,6.61942034661233,0.845786206187974,0.221551326284182,0.654187173723961,1.34691336582404,23.8831948471573,5.61307229309079,14.0227436298652,32.8540705175808,34.5085872930259,9.28765630479232,15.2386434700828,45.3102349190088
"Kvæg","Sommer",10,7,5.25920677206334,0.46971225280281,4.70590616325557,6.10818944279115,1.69150751365094,0.269186861583427,1.19681055720885,1.98409383674443,11.367311929781,4.92138079028174,6.59319721985634,19.6953644733399,68.9890780390021,17.9630163650418,30.3399919454663,81.0127680794398
"Slagtesvin","April",0,7,7.19928571428571,0.478969628224906,6.425,7.76,0,0,0,0,16.4921435462822,9.11522234240101,11.5209974392806,36.7999667116586,0,0,0,0
"Slagtesvin","April",1,7,6.89018081869681,0.502759941567797,6.10867841023997,7.47407518273825,0.309104895588904,0.0574036738728785,0.258654891718219,0.4288425599434,14.2644078129683,7.91997041145044,9.95350170836252,31.7712717552469,13.6143324815097,4.08623996623094,9.55879737363313,20.6745051719021
"Slagtesvin","April",2,7,6.6706614772474,0.522171443490151,5.86334579261336,7.29329899812384,0.528624237038314,0.073071661921786,0.46352543144997,0.662738831482129,12.6735103024094,6.87789565591659,8.14851495155954,27.6394377508363,23.0148349168914,6.7215795586503,15.2832882256147,35.0595398900119
"Slagtesvin","April",3,7,6.51166622900053,0.550424386521075,5.69298479303607,7.15659576952315,0.687619485285188,0.115706745470597,0.582472142645609,0.909914294430879,11.6151223824585,6.36169806279867,7.04072666039469,25.2567369283125,29.5078410474729,8.73721484405067,19.5005015137583,43.8881769803733
"Slagtesvin","April",4,7,6.38807457346805,0.608661659088045,5.53423918353941,7.06434739865601,0.811211140817668,0.185221271948707,0.640298068662539,1.17441383861464,10.8809397205346,6.27051302926196,6.12510051268304,24.1170465293879,34.4025526548602,11.3043799530081,22.308350013144,51.185357346932
"Slagtesvin","April",5,7,6.26366364724092,0.682316375388839,5.39213673796142,7.00836889171223,0.935622067044794,0.269371478377408,0.67211029123603,1.45690049450882,10.2444348257404,6.38385209437738,5.40036928758746,23.497379858696,38.9786911693089,13.8280606751533,24.0014076497764,57.4598338424567
"Slagtesvin","April",10,5,5.93275575492421,0.891645709858663,4.79977561926824,6.8015060562921,1.46724424507579,0.574970551289031,0.8434939437079,2.12339495772218,9.21482463128769,6.92362748031208,3.12527623531353,20.2775863255767,51.8529119654554,16.6096358920103,34.5707468121181,72.9189577586212
"Slagtesvin","April",20,1,6.06940152228579,NA,6.06940152228579,6.06940152228579,1.57559847771421,NA,1.57559847771421,1.57559847771421,9.88352898386365,NA,9.88352898386365,9.88352898386365,73.142559988424,NA,73.142559988424,73.142559988424
"Slagtesvin","April",25,1,5.23583478521051,NA,5.23583478521051,5.23583478521051,2.40916521478949,NA,2.40916521478949,2.40916521478949,4.28889878890405,NA,4.28889878890405,4.28889878890405,88.345373183326,NA,88.345373183326,88.345373183326
"Slagtesvin","Efterår",0,7,7.19928571428571,0.478969628224906,6.425,7.76,0,0,0,0,18.2540715395028,11.5017541804332,11.6361244372969,44.0117907242093,0,0,0,0
"Slagtesvin","Efterår",1,7,6.89018081869681,0.502759941567797,6.10867841023997,7.47407518273825,0.309104895588904,0.0574036738728785,0.258654891718219,0.4288425599434,16.3685459223526,10.6835692404738,10.2914428941473,40.3194303373323,10.8849095111638,2.72125423601465,8.38948001460426,15.4019799324953
"Slagtesvin","Efterår",2,7,6.6706614772474,0.522171443490151,5.86334579261336,7.29329899812384,0.528624237038314,0.073071661921786,0.46352543144997,0.662738831482129,14.9609148359712,9.82893941914839,9.36558924549147,36.9605760862378,18.6046378681472,4.71460772758357,13.9346171828772,27.7377531282234
"Slagtesvin","Efterår",3,7,6.51166622900053,0.550424386521075,5.69298479303607,7.15659576952315,0.687619485285188,0.115706745470597,0.582472142645609,0.909914294430879,13.9814970930453,9.3439367757744,8.79364625877753,34.8502645740503,24.1194023715654,6.55228167708995,17.6298943810481,36.1742763756575
"Slagtesvin","Efterår",4,7,6.38807457346805,0.608661659088045,5.53423918353941,7.06434739865601,0.811211140817668,0.185221271948707,0.640298068662539,1.17441383861464,13.2658399974877,9.22194064416129,8.50218684812908,33.7876691286825,28.4653919677168,9.08815584483985,20.0501873981595,43.7160720565551
"Slagtesvin","Efterår",5,7,6.26366364724092,0.682316375388839,5.39213673796142,7.00836889171223,0.935622067044794,0.269371478377408,0.67211029123603,1.45690049450882,12.6174967272486,9.30496757120324,7.21872999401966,33.1940833612541,32.7418677525653,11.8377670157257,21.4943691569859,50.068905913547
"Slagtesvin","Efterår",10,5,5.93275575492421,0.891645709858663,4.79977561926824,6.8015060562921,1.46724424507579,0.574970551289031,0.8434939437079,2.12339495772218,11.8095064563414,10.5831794627023,4.08779451049735,29.9094300890698,44.9509330188363,16.9472180399527,30.2933987081323,66.515481591824
"Slagtesvin","Efterår",20,1,6.06940152228579,NA,6.06940152228579,6.06940152228579,1.57559847771421,NA,1.57559847771421,1.57559847771421,16.2865805054666,NA,16.2865805054666,16.2865805054666,62.9949605833512,NA,62.9949605833512,62.9949605833512
"Slagtesvin","Efterår",25,1,5.23583478521051,NA,5.23583478521051,5.23583478521051,2.40916521478949,NA,2.40916521478949,2.40916521478949,6.72139058517718,NA,6.72139058517718,6.72139058517718,84.7282047047452,NA,84.7282047047452,84.7282047047452
"Slagtesvin","Maj",0,7,7.19928571428571,0.478969628224906,6.425,7.76,0,0,0,0,17.7511265285424,10.8150438684171,11.6077451715914,41.970015736353,0,0,0,0
"Slagtesvin","Maj",1,7,6.89018081869681,0.502759941567797,6.10867841023997,7.47407518273825,0.309104895588904,0.0574036738728785,0.258654891718219,0.4288425599434,15.7385156348299,9.84605131604667,10.2462284475534,37.7777726165946,11.7240905364428,3.14212712832171,8.99651391482502,17.3036390947804
"Slagtesvin","Maj",2,7,6.6706614772474,0.522171443490151,5.86334579261336,7.29329899812384,0.528624237038314,0.073071661921786,0.46352543144997,0.662738831482129,14.2489469044382,8.89195183181028,9.30191129997231,34.0667979504601,20.0104598784202,5.42651044613008,14.2783073677161,30.5804561525143
"Slagtesvin","Maj",3,7,6.51166622900053,0.550424386521075,5.69298479303607,7.15659576952315,0.687619485285188,0.115706745470597,0.582472142645609,0.909914294430879,13.2262759272012,8.3693326090134,8.71456672178904,31.7906643832996,25.8788614163774,7.37652164007986,18.1115596702749,39.3245653689818
"Slagtesvin","Maj",4,7,6.38807457346805,0.608661659088045,5.53423918353941,7.06434739865601,0.811211140817668,0.185221271948707,0.640298068662539,1.17441383861464,12.4911628739579,8.24551752766299,7.8276195320517,30.6615991614157,30.4504097733852,9.9798474143001,20.6363634186088,46.9099532667509
"Slagtesvin","Maj",5,7,6.26366364724092,0.682316375388839,5.39213673796142,7.00836889171223,0.935622067044794,0.269371478377408,0.67211029123603,1.45690049450882,11.8353245405559,8.33534196427878,6.64648285729206,30.0359757097387,34.8775444024987,12.7089327480102,22.1486498152885,53.1384121693861
"Slagtesvin","Maj",10,5,5.93275575492421,0.891645709858663,4.79977561926824,6.8015060562921,1.46724424507579,0.574970551289031,0.8434939437079,2.12339495772218,10.9415138038042,9.3227556481894,3.71386418983258,26.6418119380218,47.2912321109453,16.9818027826464,31.4582231888604,69.134608485344
"Slagtesvin","Maj",20,1,6.06940152228579,NA,6.06940152228579,6.06940152228579,1.57559847771421,NA,1.57559847771421,1.57559847771421,13.7829243255957,NA,13.7829243255957,13.7829243255957,67.1600687210194,NA,67.1600687210194,67.1600687210194
"Slagtesvin","Maj",25,1,5.23583478521051,NA,5.23583478521051,5.23583478521051,2.40916521478949,NA,2.40916521478949,2.40916521478949,5.70187771999191,NA,5.70187771999191,5.70187771999191,86.4144017581267,NA,86.4144017581267,86.4144017581267
"Slagtesvin","Marts",0,7,7.19928571428571,0.478969628224906,6.425,7.76,0,0,0,0,15.0330565374341,7.22335312161671,10.4140402129995,30.79348839646,0,0,0,0
"Slagtesvin","Marts",1,7,6.89018081869681,0.502759941567797,6.10867841023997,7.47407518273825,0.309104895588904,0.0574036738728785,0.258654891718219,0.4288425599434,12.7106085170101,6.0157464680098,8.07381401161549,25.4979745574494,15.4463118523143,4.7315901871458,10.4074852283295,22.471837572346
"Slagtesvin","Marts",2,7,6.6706614772474,0.522171443490151,5.86334579261336,7.29329899812384,0.528624237038314,0.073071661921786,0.46352543144997,0.662738831482129,11.1313772785256,5.09616603890779,6.56971506263909,21.5251911061605,25.7354513644548,7.33424331093014,16.7576883830726,36.9148291319415
"Slagtesvin","Marts",3,7,6.51166622900053,0.550424386521075,5.69298479303607,7.15659576952315,0.687619485285188,0.115706745470597,0.582472142645609,0.909914294430879,10.1109281176581,4.69754320031256,5.68653607357026,19.3780739195191,32.6374432218784,9.23293870682813,21.4858237068872,45.3954857359594
"Slagtesvin","Marts",4,7,6.38807457346805,0.608661659088045,5.53423918353941,7.06434739865601,0.811211140817668,0.185221271948707,0.640298068662539,1.17441383861464,9.42542271564643,4.67229192824245,4.97414112078322,18.3854167354529,37.6471755561686,11.6113812056287,24.6509914701402,52.344102964947
"Slagtesvin","Marts",5,7,6.26366364724092,0.682316375388839,5.39213673796142,7.00836889171223,0.935622067044794,0.269371478377408,0.67211029123603,1.45690049450882,8.8416711139965,4.80948466821146,4.41855580899475,17.8545505468458,42.1950782609255,13.8236572860546,26.5635827288323,61.5602892154769
"Slagtesvin","Marts",10,5,5.93275575492421,0.891645709858663,4.79977561926824,6.8015060562921,1.46724424507579,0.574970551289031,0.8434939437079,2.12339495772218,7.74775824539162,5.09081558626976,2.7496593886595,15.1898094701599,55.5795080627231,15.5860259810332,38.4713785897759,74.701135698736
"Slagtesvin","Marts",20,1,6.06940152228579,NA,6.06940152228579,6.06940152228579,1.57559847771421,NA,1.57559847771421,1.57559847771421,7.42023682249469,NA,7.42023682249469,7.42023682249469,75.9032275688918,NA,75.9032275688918,75.9032275688918
"Slagtesvin","Marts",25,1,5.23583478521051,NA,5.23583478521051,5.23583478521051,2.40916521478949,NA,2.40916521478949,2.40916521478949,3.48716843472513,NA,3.48716843472513,3.48716843472513,88.6756304130648,NA,88.6756304130648,88.6756304130648
"Slagtesvin","Sommer",0,7,7.19928571428571,0.478969628224906,6.425,7.76,0,0,0,0,18.7461346553324,12.1741838684153,11.6610568793133,45.987363929262,0,0,0,0
"Slagtesvin","Sommer",1,7,6.89018081869681,0.502759941567797,6.10867841023997,7.47407518273825,0.309104895588904,0.0574036738728785,0.258654891718219,0.4288425599434,17.0115589360013,11.5405767612429,10.3315834112724,42.8821962695506,10.0129894753565,2.38169671781682,6.75221929329935,13.1941832534632
"Slagtesvin","Sommer",2,7,6.6706614772474,0.522171443490151,5.86334579261336,7.29329899812384,0.528624237038314,0.073071661921786,0.46352543144997,0.662738831482129,15.7150005051116,10.8269641701812,9.4228039981726,39.9910025378871,17.0902489272583,3.99509013648883,13.0391500600003,24.2009790184307
"Slagtesvin","Sommer",3,7,6.51166622900053,0.550424386521075,5.69298479303607,7.15659576952315,0.687619485285188,0.115706745470597,0.582472142645609,0.909914294430879,14.8018120939921,10.4080346762517,8.86545082970486,38.1323671690177,22.1748873484124,5.62692086948003,17.0807719536326,32.0392580127682
"Slagtesvin","Sommer",4,7,6.38807457346805,0.608661659088045,5.53423918353941,7.06434739865601,0.811211140817668,0.185221271948707,0.640298068662539,1.17441383861464,14.1233801039006,10.2991496002764,8.58290907674821,37.1826816458642,26.2153863212782,7.98124383409439,19.1458729770666,39.304296060677
"Slagtesvin","Sommer",5,7,6.26366364724092,0.682316375388839,5.39213673796142,7.00836889171223,0.935622067044794,0.269371478377408,0.67211029123603,1.45690049450882,13.4978097951703,10.3772635991148,7.88348257508334,36.6478985280932,30.2564701665651,10.663287048034,20.3087644152312,45.6334477737332
"Slagtesvin","Sommer",10,5,5.93275575492421,0.891645709858663,4.79977561926824,6.8015060562921,1.46724424507579,0.574970551289031,0.8434939437079,2.12339495772218,12.7954685861808,12.0305136016524,4.59387011422274,33.6288406665369,42.237399609364,16.7722804033082,26.8737370590215,62.8593907854638
"Slagtesvin","Sommer",20,1,6.06940152228579,NA,6.06940152228579,6.06940152228579,1.57559847771421,NA,1.57559847771421,1.57559847771421,19.7091840272046,NA,19.7091840272046,19.7091840272046,57.1421748428081,NA,57.1421748428081,57.1421748428081
"Slagtesvin","Sommer",25,1,5.23583478521051,NA,5.23583478521051,5.23583478521051,2.40916521478949,NA,2.40916521478949,2.40916521478949,8.29270815445829,NA,8.29270815445829,8.29270815445829,81.9674200782324,NA,81.9674200782324,81.9674200782324
"So-/smågrise","April",0,6,7.0875,0.615449023071773,5.965,7.565,0,0,0,0,12.4212780385585,2.69775698965615,9.11138276143642,17.3427623035887,0,0,0,0
"So-/smågrise","April",1,6,6.71230416984045,0.614073637202686,5.6011016257636,7.26563707521319,0.375195830159547,0.118950155631573,0.15936292478681,0.501829703318021,10.2002683437325,2.21787195760535,6.58521502601938,13.4245433275754,17.8883954445468,7.24262116377281,6.27171690945059,27.7254046016917
"So-/smågrise","April",2,6,6.46382825131697,0.626179532465586,5.32919688221101,7.01403396749867,0.623671748683027,0.11657392890866,0.41096603250133,0.74596191085049,8.88078400825045,1.97752806044043,5.13964035671743,10.8806975937164,28.421817901795,10.247173079274,15.4481639128424,43.5909950082356
"So-/smågrise","April",3,6,6.27535124811647,0.646664463148549,5.14752209990911,6.8511737507676,0.81214875188353,0.12963321187137,0.5738262492324,0.914565600374361,7.91786246857502,1.78701546641132,4.36156170669187,9.40453645054906,35.7293059975755,12.9864715942131,20.9901253958708,52.1306280189214
"So-/smågrise","April",4,6,6.11063427105203,0.696451580498879,4.97165881724507,6.74325957865159,0.97686572894797,0.185412155919184,0.68174042134841,1.24027869588445,7.14706033701674,1.89781697882591,3.7311186555581,8.98450718122808,41.484880952085,16.1162905536719,24.5188968641527,64.1096176280219
"So-/smågrise","April",5,6,5.96608724712816,0.739386496153913,4.8483507544741,6.68934398756054,1.12141275287184,0.262742876882858,0.73565601243946,1.53915860626305,6.56659758557993,2.06689873415014,3.35148274404669,8.77915201589352,45.8342990820706,18.0562036542227,26.2441372253027,72.7757757932991
"So-/smågrise","April",10,1,5.81308792425423,NA,5.81308792425423,5.81308792425423,1.61191207574577,NA,1.61191207574577,1.61191207574577,5.73671177001241,NA,5.73671177001241,5.73671177001241,51.8044424653965,NA,51.8044424653965,51.8044424653965
"So-/smågrise","Efterår",0,6,7.0875,0.615449023071773,5.965,7.565,0,0,0,0,13.800086632417,3.75766089664131,11.6084214096714,21.409189736352,0,0,0,0
"So-/smågrise","Efterår",1,6,6.71230416984045,0.614073637202686,5.6011016257636,7.26563707521319,0.375195830159547,0.118950155631573,0.15936292478681,0.501829703318021,11.5900183878201,3.1732242946856,9.74787834260279,17.9768617969295,15.8707620559227,6.03510469391771,6.0249073189878,24.777123645746
"So-/smågrise","Efterår",2,6,6.46382825131697,0.626179532465586,5.32919688221101,7.01403396749867,0.623671748683027,0.11657392890866,0.41096603250133,0.74596191085049,10.1903642405973,2.67286692239496,7.64999219600472,15.369939164818,25.6799439305435,8.75800684185777,14.7244510035967,40.9661880415489
"So-/smågrise","Efterår",3,6,6.27535124811647,0.646664463148549,5.14752209990911,6.8511737507676,0.81214875188353,0.12963321187137,0.5738262492324,0.914565600374361,9.11069199670093,1.94335626813824,6.44586749672924,12.435496877377,32.7332763085664,11.2125437324843,19.8911219116554,50.2582329548339
"So-/smågrise","Efterår",4,6,6.11063427105203,0.696451580498879,4.97165881724507,6.74325957865159,0.97686572894797,0.185412155919184,0.68174042134841,1.24027869588445,8.16533995549929,1.42597760205216,5.4389707521706,9.40810090181495,38.6365947093976,14.7034297726288,23.139734562659,58.0283001074376
"So-/smågrise","Efterår",5,6,5.96608724712816,0.739386496153913,4.8483507544741,6.68934398756054,1.12141275287184,0.262742876882858,0.73565601243946,1.53915860626305,7.43859171413327,1.42241270761308,4.82302860148845,9.03012955834664,43.1946332367694,17.3304228435799,24.7154306047447,66.8437137317639
"So-/smågrise","Efterår",10,1,5.81308792425423,NA,5.81308792425423,5.81308792425423,1.61191207574577,NA,1.61191207574577,1.61191207574577,6.3210424576499,NA,6.3210424576499,6.3210424576499,47.3012035454751,NA,47.3012035454751,47.3012035454751
"So-/smågrise","Maj",0,6,7.0875,0.615449023071773,5.965,7.565,0,0,0,0,13.3579515555125,3.3720421800975,11.5854607917254,20.1966262133505,0,0,0,0
"So-/smågrise","Maj",1,6,6.71230416984045,0.614073637202686,5.6011016257636,7.26563707521319,0.375195830159547,0.118950155631573,0.15936292478681,0.501829703318021,11.1197255486958,2.77926262239426,8.55201723718393,16.5067128925205,16.6098329567862,6.53546603702241,6.08657929805011,26.3169312712395
"So-/smågrise","Maj",2,6,6.46382825131697,0.626179532465586,5.32919688221101,7.01403396749867,0.623671748683027,0.11657392890866,0.41096603250133,0.74596191085049,9.73247971162568,2.33242839660031,6.66138406975117,13.8291098145645,26.7108161202783,9.48055499496435,14.9075154528661,42.6063808540954
"So-/smågrise","Maj",3,6,6.27535124811647,0.646664463148549,5.14752209990911,6.8511737507676,0.81214875188353,0.12963321187137,0.5738262492324,0.914565600374361,8.68072308884805,1.75879373693388,5.60783003726717,10.965442933009,33.8872155341523,12.1409270171044,20.172066774281,51.6836654329258
"So-/smågrise","Maj",4,6,6.11063427105203,0.696451580498879,4.97165881724507,6.74325957865159,0.97686572894797,0.185412155919184,0.68174042134841,1.24027869588445,7.79053885310276,1.542631146775,4.74126939587589,9.15928100484942,39.7536747031555,15.5969830265917,23.4952578953207,59.5226819149177
"So-/smågrise","Maj",5,6,5.96608724712816,0.739386496153913,4.8483507544741,6.68934398756054,1.12141275287184,0.262742876882858,0.73565601243946,1.53915860626305,7.11716039752948,1.68274966827732,4.21636715131246,8.96580189108538,44.2222413839834,18.0013625723552,25.1113312195612,69.5831928134379
"So-/smågrise","Maj",10,1,5.81308792425423,NA,5.81308792425423,5.81308792425423,1.61191207574577,NA,1.61191207574577,1.61191207574577,6.1512490086581,NA,6.1512490086581,6.1512490086581,48.6204518913776,NA,48.6204518913776,48.6204518913776
"So-/smågrise","Marts",0,6,7.0875,0.615449023071773,5.965,7.565,0,0,0,0,11.5416471118773,2.35431260897406,7.23670219939053,14.3798311957926,0,0,0,0
"So-/smågrise","Marts",1,6,6.71230416984045,0.614073637202686,5.6011016257636,7.26563707521319,0.375195830159547,0.118950155631573,0.15936292478681,0.501829703318021,9.41026931277827,2.09784829916655,5.27526305813982,11.0175631116789,18.7462238127471,7.37402032150242,6.55743178729247,27.1040466666695
"So-/smågrise","Marts",2,6,6.46382825131697,0.626179532465586,5.32919688221101,7.01403396749867,0.623671748683027,0.11657392890866,0.41096603250133,0.74596191085049,8.17901689328179,2.01070567021124,4.18896313478065,9.87397996381386,29.5486054005812,9.94483824319788,16.2564319398772,42.1150267157126
"So-/smågrise","Marts",3,6,6.27535124811647,0.646664463148549,5.14752209990911,6.8511737507676,0.81214875188353,0.12963321187137,0.5738262492324,0.914565600374361,7.30683133659234,1.98931640625452,3.60766180597176,9.17546883301959,36.9302375579017,12.404212151455,22.1806706599069,53.9147489661908
"So-/smågrise","Marts",4,6,6.11063427105203,0.696451580498879,4.97165881724507,6.74325957865159,0.97686572894797,0.185412155919184,0.68174042134841,1.24027869588445,6.63066260996709,2.12216393784173,3.13490032323914,8.72776752014011,42.6341672781145,15.1051987009937,25.9777317743846,65.4130645105542
"So-/smågrise","Marts",5,6,5.96608724712816,0.739386496153913,4.8483507544741,6.68934398756054,1.12141275287184,0.262742876882858,0.73565601243946,1.53915860626305,6.11143154613572,2.2242331435977,2.84811506782226,8.50817513077136,46.9765165841889,16.7151476352619,27.840146957723,73.1512767800587
"So-/smågrise","Marts",10,1,5.81308792425423,NA,5.81308792425423,5.81308792425423,1.61191207574577,NA,1.61191207574577,1.61191207574577,5.28133017914408,NA,5.28133017914408,5.28133017914408,55.2077850141493,NA,55.2077850141493,55.2077850141493
"So-/smågrise","Sommer",0,6,7.0875,0.615449023071773,5.965,7.565,0,0,0,0,14.2838409223337,4.21789494859684,11.6285503630269,22.6348221019986,0,0,0,0
"So-/smågrise","Sommer",1,6,6.71230416984045,0.614073637202686,5.6011016257636,7.26563707521319,0.375195830159547,0.118950155631573,0.15936292478681,0.501829703318021,12.1379815535084,3.68320640310626,9.96665487276593,19.5723203550697,14.9542941113233,5.40952178203606,5.97028224776747,22.3663641723203
"So-/smågrise","Sommer",2,6,6.46382825131697,0.626179532465586,5.32919688221101,7.01403396749867,0.623671748683027,0.11657392890866,0.41096603250133,0.74596191085049,10.7466646547905,3.16433752789006,9.01698539243603,17.1456989874517,24.3523249214567,7.70032877146177,14.5610610146016,38.0634463882576
"So-/smågrise","Sommer",3,6,6.27535124811647,0.646664463148549,5.14752209990911,6.8511737507676,0.81214875188353,0.12963321187137,0.5738262492324,0.914565600374361,9.65590674563492,2.346653201809,7.64510467360525,14.2619306719338,31.1919236563649,9.77577884526542,19.6386794558441,47.4867247892691
"So-/smågrise","Sommer",4,6,6.11063427105203,0.696451580498879,4.97165881724507,6.74325957865159,0.97686572894797,0.185412155919184,0.68174042134841,1.24027869588445,8.66154355185658,1.49896466162701,6.46531230852774,11.06893680832,37.0806780970256,13.1415137941214,22.8185463169047,55.5905721273878
"So-/smågrise","Sommer",5,6,5.96608724712816,0.739386496153913,4.8483507544741,6.68934398756054,1.12141275287184,0.262742876882858,0.73565601243946,1.53915860626305,7.87373777702481,1.13678512541766,5.73007098369904,9.0880602972822,41.7395246619171,15.9653920886815,24.3566798061908,62.6039029118633
"So-/smågrise","Sommer",10,1,5.81308792425423,NA,5.81308792425423,5.81308792425423,1.61191207574577,NA,1.61191207574577,1.61191207574577,6.4888774459936,NA,6.4888774459936,6.4888774459936,45.9906494576771,NA,45.9906494576771,45.9906494576771
