"station","month","decade","year","temp","wv","wind.2m","rain.rate"
6116,1,1980,1981,0,0,0,0
6116,2,1980,1981,0,0,0,0
6116,3,1980,1981,0,0,0,0
6116,4,1980,1981,18,9,9,0
6116,5,1980,1981,31,31,31,0
6116,6,1980,1981,30,0,0,0
6116,7,1980,1981,31,0,0,0
6116,8,1980,1981,31,0,0,0
6116,9,1980,1981,30,0,0,0
6116,10,1980,1981,0,0,0,0
6116,11,1980,1981,0,0,0,0
6116,12,1980,1981,0,0,0,0
6116,1,1980,1982,0,0,0,0
6116,2,1980,1982,0,0,0,0
6116,3,1980,1982,0,0,0,0
6116,4,1980,1982,28,28,28,0
6116,5,1980,1982,31,31,31,0
6116,6,1980,1982,30,30,30,0
6116,7,1980,1982,31,31,31,0
6116,8,1980,1982,31,31,31,0
6116,9,1980,1982,30,30,30,0
6116,10,1980,1982,3,3,3,0
6116,11,1980,1982,0,0,0,0
6116,12,1980,1982,0,0,0,0
6116,1,1980,1983,0,0,0,0
6116,2,1980,1983,0,0,0,0
6116,3,1980,1983,0,0,0,0
6116,4,1980,1983,27,27,27,0
6116,5,1980,1983,31,31,31,0
6116,6,1980,1983,30,30,30,0
6116,7,1980,1983,31,31,31,0
6116,8,1980,1983,31,31,31,0
6116,9,1980,1983,30,30,30,0
6116,10,1980,1983,3,3,3,0
6116,11,1980,1983,0,0,0,0
6116,12,1980,1983,0,0,0,0
6116,1,1980,1984,0,0,0,0
6116,2,1980,1984,0,0,0,0
6116,3,1980,1984,0,0,0,0
6116,4,1980,1984,12,12,12,0
6116,5,1980,1984,29,29,29,0
6116,6,1980,1984,30,30,30,0
6116,7,1980,1984,31,31,31,0
6116,8,1980,1984,23,23,23,0
6116,9,1980,1984,26,26,26,0
6116,10,1980,1984,1,1,1,0
6116,11,1980,1984,0,0,0,0
6116,12,1980,1984,0,0,0,0
6116,1,1980,1985,0,0,0,0
6116,2,1980,1985,0,0,0,0
6116,3,1980,1985,0,0,0,0
6116,4,1980,1985,30,30,30,0
6116,5,1980,1985,31,31,31,0
6116,6,1980,1985,30,30,30,0
6116,7,1980,1985,31,31,31,0
6116,8,1980,1985,31,31,31,0
6116,9,1980,1985,30,30,30,0
6116,10,1980,1985,2,2,2,0
6116,11,1980,1985,0,0,0,0
6116,12,1980,1985,0,0,0,0
6019,1,1980,1987,31,0,0,31
6031,1,1980,1987,0,0,0,0
6109,1,1980,1987,31,0,0,31
6116,1,1980,1987,31,31,31,31
6126,1,1980,1987,31,25,25,31
6135,1,1980,1987,0,0,0,0
6019,2,1980,1987,28,0,0,28
6031,2,1980,1987,0,0,0,0
6109,2,1980,1987,28,0,0,28
6116,2,1980,1987,28,28,28,28
6126,2,1980,1987,28,28,28,28
6135,2,1980,1987,0,0,0,0
6019,3,1980,1987,31,0,0,31
6031,3,1980,1987,0,0,0,0
6109,3,1980,1987,31,0,0,31
6116,3,1980,1987,31,31,31,31
6126,3,1980,1987,31,31,31,31
6135,3,1980,1987,0,0,0,0
6019,4,1980,1987,30,0,0,30
6031,4,1980,1987,0,0,0,0
6109,4,1980,1987,30,0,0,30
6116,4,1980,1987,30,30,30,30
6126,4,1980,1987,30,30,30,30
6135,4,1980,1987,0,0,0,0
6019,5,1980,1987,31,0,0,31
6031,5,1980,1987,0,0,0,0
6109,5,1980,1987,31,0,0,31
6116,5,1980,1987,31,31,31,31
6126,5,1980,1987,31,31,31,31
6135,5,1980,1987,0,0,0,0
6019,6,1980,1987,30,0,0,30
6031,6,1980,1987,0,0,0,0
6109,6,1980,1987,28,0,0,30
6116,6,1980,1987,30,29,29,30
6126,6,1980,1987,30,30,30,30
6135,6,1980,1987,0,0,0,0
6019,7,1980,1987,18,0,0,31
6031,7,1980,1987,0,0,0,0
6109,7,1980,1987,31,0,0,31
6116,7,1980,1987,12,10,10,31
6126,7,1980,1987,31,31,31,31
6135,7,1980,1987,30,30,30,0
6019,8,1980,1987,17,0,0,31
6031,8,1980,1987,0,0,0,0
6109,8,1980,1987,31,0,0,31
6116,8,1980,1987,31,31,31,31
6126,8,1980,1987,31,31,31,31
6135,8,1980,1987,31,31,31,0
6019,9,1980,1987,23,12,12,30
6031,9,1980,1987,12,12,12,11
6109,9,1980,1987,30,7,7,30
6116,9,1980,1987,30,30,30,30
6126,9,1980,1987,30,30,30,30
6135,9,1980,1987,30,30,30,0
6019,10,1980,1987,31,31,31,31
6031,10,1980,1987,31,31,31,24
6109,10,1980,1987,31,31,31,31
6116,10,1980,1987,31,31,31,31
6126,10,1980,1987,31,31,31,31
6135,10,1980,1987,31,31,31,0
6019,11,1980,1987,30,30,30,25
6031,11,1980,1987,30,30,30,0
6109,11,1980,1987,29,29,29,30
6116,11,1980,1987,30,30,30,30
6126,11,1980,1987,30,30,30,30
6135,11,1980,1987,30,30,30,0
6019,12,1980,1987,31,31,31,31
6031,12,1980,1987,31,31,31,13
6109,12,1980,1987,31,31,31,31
6116,12,1980,1987,31,31,31,31
6126,12,1980,1987,31,31,31,31
6135,12,1980,1987,31,31,31,0
6019,1,1980,1988,31,31,31,26
6031,1,1980,1988,31,31,31,30
6109,1,1980,1988,31,31,31,23
6116,1,1980,1988,31,31,31,0
6126,1,1980,1988,31,31,31,0
6135,1,1980,1988,31,31,31,0
6019,2,1980,1988,29,29,29,24
6031,2,1980,1988,28,28,28,23
6109,2,1980,1988,29,29,29,25
6116,2,1980,1988,29,29,29,0
6126,2,1980,1988,29,29,29,0
6135,2,1980,1988,29,29,29,0
6019,3,1980,1988,31,31,31,26
6031,3,1980,1988,30,30,30,26
6109,3,1980,1988,31,31,31,13
6116,3,1980,1988,30,30,30,0
6126,3,1980,1988,31,31,31,0
6135,3,1980,1988,31,31,31,0
6019,4,1980,1988,30,30,30,29
6031,4,1980,1988,28,28,28,26
6109,4,1980,1988,27,27,27,26
6116,4,1980,1988,30,30,30,3
6126,4,1980,1988,30,30,30,4
6135,4,1980,1988,30,30,30,21
6019,5,1980,1988,31,31,31,31
6031,5,1980,1988,31,31,31,31
6109,5,1980,1988,24,24,24,28
6116,5,1980,1988,31,31,31,31
6126,5,1980,1988,31,31,31,30
6135,5,1980,1988,31,31,31,31
6019,6,1980,1988,30,30,30,29
6031,6,1980,1988,30,30,30,30
6109,6,1980,1988,30,30,30,29
6116,6,1980,1988,30,30,30,29
6126,6,1980,1988,30,30,30,30
6135,6,1980,1988,30,30,30,30
6019,7,1980,1988,31,31,31,31
6031,7,1980,1988,31,31,31,31
6109,7,1980,1988,28,28,28,25
6116,7,1980,1988,31,31,31,8
6126,7,1980,1988,31,31,31,31
6135,7,1980,1988,31,31,31,31
6019,8,1980,1988,31,31,31,31
6031,8,1980,1988,31,31,31,31
6109,8,1980,1988,31,31,31,31
6116,8,1980,1988,31,31,31,28
6126,8,1980,1988,31,31,31,30
6135,8,1980,1988,31,31,31,30
6019,9,1980,1988,30,30,30,30
6031,9,1980,1988,30,30,30,30
6109,9,1980,1988,30,30,30,27
6116,9,1980,1988,30,30,30,23
6126,9,1980,1988,30,30,30,30
6135,9,1980,1988,30,30,30,30
6019,10,1980,1988,31,31,31,31
6031,10,1980,1988,31,31,31,31
6109,10,1980,1988,28,28,28,20
6116,10,1980,1988,31,31,31,27
6126,10,1980,1988,31,31,31,31
6135,10,1980,1988,31,31,31,31
6019,11,1980,1988,30,30,30,29
6031,11,1980,1988,30,30,30,29
6109,11,1980,1988,30,30,30,29
6116,11,1980,1988,30,30,30,29
6126,11,1980,1988,30,30,30,30
6135,11,1980,1988,30,30,30,30
6019,12,1980,1988,31,31,31,31
6031,12,1980,1988,31,31,31,31
6109,12,1980,1988,31,31,31,31
6116,12,1980,1988,31,31,31,31
6126,12,1980,1988,31,31,31,31
6135,12,1980,1988,31,31,31,31
6019,1,1980,1989,31,31,31,31
6031,1,1980,1989,31,31,31,31
6109,1,1980,1989,31,31,31,31
6116,1,1980,1989,31,31,31,30
6126,1,1980,1989,31,31,31,31
6135,1,1980,1989,31,31,31,31
6019,2,1980,1989,28,28,28,28
6031,2,1980,1989,28,28,28,28
6109,2,1980,1989,28,28,28,28
6116,2,1980,1989,28,28,28,25
6126,2,1980,1989,28,28,28,28
6135,2,1980,1989,28,28,28,28
6019,3,1980,1989,31,31,31,31
6031,3,1980,1989,31,31,31,31
6109,3,1980,1989,31,31,31,31
6116,3,1980,1989,31,31,31,31
6126,3,1980,1989,31,31,31,31
6135,3,1980,1989,31,31,31,31
6019,4,1980,1989,30,30,30,29
6031,4,1980,1989,30,30,30,29
6109,4,1980,1989,30,30,30,29
6116,4,1980,1989,30,30,30,29
6126,4,1980,1989,30,30,30,29
6135,4,1980,1989,30,30,30,30
6019,5,1980,1989,31,31,31,31
6031,5,1980,1989,31,31,31,31
6109,5,1980,1989,31,31,31,31
6116,5,1980,1989,31,31,31,31
6126,5,1980,1989,31,31,31,31
6135,5,1980,1989,31,31,31,31
6019,6,1980,1989,30,30,30,29
6031,6,1980,1989,30,30,30,29
6109,6,1980,1989,30,30,30,29
6116,6,1980,1989,30,30,30,29
6126,6,1980,1989,30,30,30,29
6135,6,1980,1989,30,30,30,29
6019,7,1980,1989,31,31,31,31
6031,7,1980,1989,31,31,31,31
6109,7,1980,1989,31,31,31,31
6116,7,1980,1989,31,31,31,31
6126,7,1980,1989,30,30,30,28
6135,7,1980,1989,31,31,31,29
6019,8,1980,1989,31,31,31,31
6031,8,1980,1989,31,31,31,30
6109,8,1980,1989,31,31,31,31
6116,8,1980,1989,31,31,31,31
6126,8,1980,1989,31,31,31,31
6135,8,1980,1989,31,31,31,31
6019,9,1980,1989,30,30,30,29
6031,9,1980,1989,30,30,30,30
6109,9,1980,1989,30,30,30,30
6116,9,1980,1989,30,30,30,30
6126,9,1980,1989,30,30,30,30
6135,9,1980,1989,30,30,30,30
6019,10,1980,1989,31,31,31,31
6031,10,1980,1989,31,31,31,30
6109,10,1980,1989,31,31,31,31
6116,10,1980,1989,31,31,31,31
6126,10,1980,1989,31,31,31,31
6135,10,1980,1989,31,31,31,31
6019,11,1980,1989,30,30,30,28
6031,11,1980,1989,30,30,30,29
6109,11,1980,1989,30,30,30,30
6116,11,1980,1989,30,30,30,30
6126,11,1980,1989,30,30,30,29
6135,11,1980,1989,30,30,30,30
6019,12,1980,1989,31,31,31,31
6031,12,1980,1989,31,31,31,31
6109,12,1980,1989,31,31,31,31
6116,12,1980,1989,31,31,31,31
6126,12,1980,1989,31,31,31,31
6135,12,1980,1989,31,31,31,31
6019,1,1990,1990,31,31,31,31
6031,1,1990,1990,31,31,31,31
6109,1,1990,1990,31,31,31,31
6116,1,1990,1990,28,28,28,28
6126,1,1990,1990,31,31,31,31
6135,1,1990,1990,31,31,31,31
6019,2,1990,1990,28,28,28,28
6031,2,1990,1990,28,28,28,28
6109,2,1990,1990,28,28,28,28
6116,2,1990,1990,28,28,28,26
6126,2,1990,1990,28,28,28,28
6135,2,1990,1990,28,28,28,28
6019,3,1990,1990,31,31,31,29
6031,3,1990,1990,28,28,28,24
6109,3,1990,1990,31,31,31,31
6116,3,1990,1990,31,31,31,29
6126,3,1990,1990,31,31,31,30
6135,3,1990,1990,31,31,31,31
6019,4,1990,1990,30,30,30,29
6031,4,1990,1990,30,30,30,30
6109,4,1990,1990,30,30,30,29
6116,4,1990,1990,30,30,30,30
6126,4,1990,1990,30,30,30,30
6135,4,1990,1990,30,30,30,30
6019,5,1990,1990,31,31,31,31
6031,5,1990,1990,31,31,31,31
6109,5,1990,1990,31,31,31,31
6116,5,1990,1990,31,31,31,31
6126,5,1990,1990,31,31,31,31
6135,5,1990,1990,31,31,31,31
6019,6,1990,1990,30,30,30,28
6031,6,1990,1990,30,30,30,29
6109,6,1990,1990,30,30,30,30
6116,6,1990,1990,30,30,30,30
6126,6,1990,1990,30,30,30,30
6135,6,1990,1990,30,30,30,30
6019,7,1990,1990,31,31,31,31
6031,7,1990,1990,31,31,31,31
6109,7,1990,1990,30,30,30,29
6116,7,1990,1990,31,31,31,31
6126,7,1990,1990,31,31,31,31
6135,7,1990,1990,31,31,31,30
6019,8,1990,1990,31,31,31,31
6031,8,1990,1990,25,25,25,25
6109,8,1990,1990,31,31,31,31
6116,8,1990,1990,31,31,31,31
6126,8,1990,1990,31,31,31,30
6135,8,1990,1990,31,31,31,31
6019,9,1990,1990,29,29,29,27
6031,9,1990,1990,27,27,27,23
6109,9,1990,1990,30,30,30,28
6116,9,1990,1990,30,30,30,30
6126,9,1990,1990,30,30,30,30
6135,9,1990,1990,30,30,30,28
6019,10,1990,1990,31,31,31,31
6031,10,1990,1990,29,29,29,26
6109,10,1990,1990,31,31,31,31
6116,10,1990,1990,31,31,31,26
6126,10,1990,1990,31,31,31,31
6135,10,1990,1990,31,31,31,31
6019,11,1990,1990,30,30,30,26
6031,11,1990,1990,30,30,30,29
6109,11,1990,1990,30,30,30,19
6116,11,1990,1990,30,30,30,30
6126,11,1990,1990,29,29,29,29
6135,11,1990,1990,30,30,30,30
6019,12,1990,1990,7,7,7,6
6031,12,1990,1990,30,30,30,30
6109,12,1990,1990,30,30,30,29
6116,12,1990,1990,30,30,30,27
6126,12,1990,1990,27,27,27,24
6135,12,1990,1990,30,30,30,26
6019,1,1990,1991,31,31,31,30
6031,1,1990,1991,31,31,31,30
6109,1,1990,1991,31,31,31,30
6116,1,1990,1991,31,31,31,30
6126,1,1990,1991,31,31,31,30
6135,1,1990,1991,31,31,31,30
6019,2,1990,1991,28,28,28,28
6031,2,1990,1991,28,28,28,28
6109,2,1990,1991,28,28,28,28
6116,2,1990,1991,28,28,28,28
6126,2,1990,1991,28,28,28,28
6135,2,1990,1991,28,28,28,28
6019,3,1990,1991,31,31,31,30
6031,3,1990,1991,31,31,31,30
6109,3,1990,1991,31,31,31,30
6116,3,1990,1991,31,31,31,29
6126,3,1990,1991,31,31,31,30
6135,3,1990,1991,31,31,31,30
6019,4,1990,1991,30,30,30,29
6031,4,1990,1991,30,30,30,29
6109,4,1990,1991,30,30,30,29
6116,4,1990,1991,30,30,30,30
6126,4,1990,1991,30,30,30,30
6135,4,1990,1991,30,30,30,30
6019,5,1990,1991,31,31,31,31
6031,5,1990,1991,31,31,31,31
6109,5,1990,1991,31,31,31,31
6116,5,1990,1991,31,31,31,31
6126,5,1990,1991,31,31,31,31
6135,5,1990,1991,30,30,30,30
6019,6,1990,1991,30,30,30,30
6031,6,1990,1991,30,30,30,30
6109,6,1990,1991,30,30,30,30
6116,6,1990,1991,30,30,30,29
6126,6,1990,1991,30,30,30,30
6135,6,1990,1991,30,30,30,30
6019,7,1990,1991,31,31,31,31
6031,7,1990,1991,31,31,31,31
6109,7,1990,1991,30,30,30,27
6116,7,1990,1991,31,31,31,30
6126,7,1990,1991,31,31,31,31
6135,7,1990,1991,31,31,31,28
6019,8,1990,1991,31,31,31,31
6031,8,1990,1991,31,31,31,31
6109,8,1990,1991,31,31,31,31
6116,8,1990,1991,31,31,31,31
6126,8,1990,1991,31,31,31,31
6135,8,1990,1991,31,31,31,29
6019,9,1990,1991,30,30,30,30
6031,9,1990,1991,30,30,30,30
6109,9,1990,1991,29,29,29,29
6116,9,1990,1991,30,30,30,29
6126,9,1990,1991,30,30,30,30
6135,9,1990,1991,30,30,30,30
6019,10,1990,1991,31,31,31,30
6031,10,1990,1991,31,31,31,30
6109,10,1990,1991,31,31,31,31
6116,10,1990,1991,31,31,31,31
6126,10,1990,1991,31,31,31,31
6135,10,1990,1991,31,31,31,31
6019,11,1990,1991,30,30,30,30
6031,11,1990,1991,30,30,30,30
6109,11,1990,1991,30,30,30,29
6116,11,1990,1991,30,30,30,30
6126,11,1990,1991,30,30,30,29
6135,11,1990,1991,30,30,30,30
6019,12,1990,1991,31,31,31,31
6031,12,1990,1991,31,31,31,31
6109,12,1990,1991,31,31,31,31
6116,12,1990,1991,31,31,31,31
6126,12,1990,1991,31,31,31,31
6135,12,1990,1991,31,31,31,31
6019,1,1990,1992,31,31,31,31
6031,1,1990,1992,31,31,31,31
6109,1,1990,1992,31,31,31,31
6116,1,1990,1992,31,31,31,31
6126,1,1990,1992,31,31,31,31
6135,1,1990,1992,31,31,31,31
6019,2,1990,1992,29,29,29,29
6031,2,1990,1992,29,29,29,29
6109,2,1990,1992,29,29,29,29
6116,2,1990,1992,28,28,28,26
6126,2,1990,1992,29,29,29,29
6135,2,1990,1992,29,29,29,29
6019,3,1990,1992,31,31,31,31
6031,3,1990,1992,31,31,31,31
6109,3,1990,1992,31,31,31,31
6116,3,1990,1992,31,31,31,31
6126,3,1990,1992,31,31,31,31
6135,3,1990,1992,31,31,31,31
6019,4,1990,1992,30,30,30,29
6031,4,1990,1992,30,30,30,29
6109,4,1990,1992,24,24,24,14
6116,4,1990,1992,30,30,30,28
6126,4,1990,1992,30,30,30,30
6135,4,1990,1992,30,30,30,29
6019,5,1990,1992,31,31,31,31
6031,5,1990,1992,31,31,31,31
6109,5,1990,1992,31,31,31,31
6116,5,1990,1992,31,31,31,31
6126,5,1990,1992,31,31,31,31
6135,5,1990,1992,31,31,31,31
6019,6,1990,1992,30,30,30,29
6031,6,1990,1992,30,30,30,28
6109,6,1990,1992,30,30,30,28
6116,6,1990,1992,30,30,30,29
6126,6,1990,1992,30,30,30,28
6135,6,1990,1992,30,30,30,28
6019,7,1990,1992,31,31,31,31
6031,7,1990,1992,31,31,31,30
6109,7,1990,1992,31,31,31,31
6116,7,1990,1992,31,31,31,31
6126,7,1990,1992,31,31,31,31
6135,7,1990,1992,31,31,31,31
6019,8,1990,1992,31,31,31,31
6031,8,1990,1992,31,31,31,31
6109,8,1990,1992,31,31,31,31
6116,8,1990,1992,31,31,31,31
6126,8,1990,1992,31,31,31,31
6135,8,1990,1992,31,31,31,31
6019,9,1990,1992,30,30,30,30
6031,9,1990,1992,30,30,30,30
6109,9,1990,1992,30,30,30,30
6116,9,1990,1992,30,30,30,30
6126,9,1990,1992,30,30,30,30
6135,9,1990,1992,30,30,30,30
6019,10,1990,1992,31,31,31,30
6031,10,1990,1992,31,31,31,29
6109,10,1990,1992,31,31,31,30
6116,10,1990,1992,31,31,31,31
6126,10,1990,1992,31,31,31,31
6135,10,1990,1992,31,31,31,30
6019,11,1990,1992,30,30,30,30
6031,11,1990,1992,30,30,30,30
6109,11,1990,1992,30,30,30,30
6116,11,1990,1992,28,28,28,29
6126,11,1990,1992,30,30,30,30
6135,11,1990,1992,30,30,30,30
6019,12,1990,1992,31,31,31,27
6031,12,1990,1992,31,31,31,23
6109,12,1990,1992,31,31,31,27
6116,12,1990,1992,30,30,30,24
6126,12,1990,1992,30,30,30,25
6135,12,1990,1992,31,31,31,26
6019,1,1990,1993,31,31,31,30
6031,1,1990,1993,31,31,31,30
6109,1,1990,1993,31,31,31,23
6116,1,1990,1993,31,31,31,20
6126,1,1990,1993,31,31,31,30
6135,1,1990,1993,31,31,31,30
6019,2,1990,1993,28,28,28,24
6031,2,1990,1993,23,23,23,20
6109,2,1990,1993,28,28,28,3
6116,2,1990,1993,28,28,28,3
6126,2,1990,1993,28,28,28,27
6135,2,1990,1993,28,28,28,27
6019,3,1990,1993,31,31,31,30
6031,3,1990,1993,31,31,31,30
6109,3,1990,1993,31,31,31,30
6116,3,1990,1993,31,31,31,30
6126,3,1990,1993,31,31,31,29
6135,3,1990,1993,31,31,31,28
6019,4,1990,1993,30,30,30,29
6031,4,1990,1993,27,27,27,24
6109,4,1990,1993,30,30,30,29
6116,4,1990,1993,30,30,30,29
6126,4,1990,1993,30,30,30,29
6135,4,1990,1993,23,23,23,20
6019,5,1990,1993,31,31,31,31
6031,5,1990,1993,29,29,29,28
6109,5,1990,1993,31,31,31,31
6116,5,1990,1993,31,31,31,31
6126,5,1990,1993,31,31,31,31
6135,5,1990,1993,31,31,31,31
6019,6,1990,1993,30,30,30,28
6031,6,1990,1993,30,30,30,28
6109,6,1990,1993,30,30,30,28
6116,6,1990,1993,30,30,30,28
6126,6,1990,1993,30,30,30,29
6135,6,1990,1993,30,30,30,28
6019,7,1990,1993,31,31,31,30
6031,7,1990,1993,31,31,31,30
6109,7,1990,1993,31,31,31,30
6116,7,1990,1993,31,31,31,30
6126,7,1990,1993,31,31,31,30
6135,7,1990,1993,31,31,31,30
6019,8,1990,1993,31,31,31,31
6031,8,1990,1993,31,31,31,31
6109,8,1990,1993,30,30,30,28
6116,8,1990,1993,31,31,31,31
6126,8,1990,1993,31,31,31,31
6135,8,1990,1993,31,31,31,31
6019,9,1990,1993,30,30,30,30
6031,9,1990,1993,28,28,28,26
6109,9,1990,1993,27,27,27,27
6116,9,1990,1993,30,30,30,30
6126,9,1990,1993,30,30,30,28
6135,9,1990,1993,30,30,30,30
6019,10,1990,1993,31,31,31,31
6031,10,1990,1993,31,31,31,29
6109,10,1990,1993,28,28,28,28
6116,10,1990,1993,31,31,31,31
6126,10,1990,1993,31,31,31,30
6135,10,1990,1993,31,31,31,30
6019,11,1990,1993,30,30,30,29
6031,11,1990,1993,30,30,30,30
6109,11,1990,1993,29,29,29,28
6116,11,1990,1993,30,30,30,30
6126,11,1990,1993,30,30,30,30
6135,11,1990,1993,30,30,30,30
6019,12,1990,1993,31,31,31,29
6031,12,1990,1993,31,31,31,29
6109,12,1990,1993,31,31,31,29
6116,12,1990,1993,31,31,31,29
6126,12,1990,1993,26,26,26,21
6135,12,1990,1993,31,31,31,29
6019,1,1990,1994,31,31,31,31
6031,1,1990,1994,31,31,31,31
6109,1,1990,1994,31,31,31,31
6116,1,1990,1994,31,31,31,31
6126,1,1990,1994,31,31,31,31
6135,1,1990,1994,31,31,31,31
6019,2,1990,1994,28,28,28,28
6031,2,1990,1994,28,28,28,28
6109,2,1990,1994,28,28,28,28
6116,2,1990,1994,28,28,28,28
6126,2,1990,1994,28,28,28,28
6135,2,1990,1994,28,28,28,28
6019,3,1990,1994,31,31,31,31
6031,3,1990,1994,31,31,31,31
6109,3,1990,1994,31,31,31,31
6116,3,1990,1994,31,31,31,26
6126,3,1990,1994,31,31,31,31
6135,3,1990,1994,31,31,31,31
6019,4,1990,1994,30,30,30,30
6031,4,1990,1994,30,30,30,30
6109,4,1990,1994,30,30,30,30
6116,4,1990,1994,30,30,30,30
6126,4,1990,1994,30,30,30,30
6135,4,1990,1994,30,30,30,29
6019,5,1990,1994,31,31,31,31
6031,5,1990,1994,31,31,31,31
6109,5,1990,1994,31,31,31,30
6116,5,1990,1994,31,31,31,31
6126,5,1990,1994,31,31,31,31
6135,5,1990,1994,31,31,31,31
6019,6,1990,1994,30,30,30,28
6031,6,1990,1994,30,30,30,30
6109,6,1990,1994,30,30,30,30
6116,6,1990,1994,30,30,30,29
6126,6,1990,1994,30,30,30,30
6135,6,1990,1994,30,30,30,30
6019,7,1990,1994,31,31,31,31
6031,7,1990,1994,30,30,30,30
6109,7,1990,1994,30,31,31,30
6116,7,1990,1994,31,31,31,31
6126,7,1990,1994,31,31,31,31
6135,7,1990,1994,31,31,31,31
6019,8,1990,1994,31,31,31,31
6031,8,1990,1994,31,31,31,28
6109,8,1990,1994,29,31,31,27
6116,8,1990,1994,31,31,31,31
6126,8,1990,1994,31,31,31,30
6135,8,1990,1994,31,31,31,31
6019,9,1990,1994,30,30,30,30
6031,9,1990,1994,30,30,30,30
6109,9,1990,1994,30,30,30,30
6116,9,1990,1994,30,30,30,30
6126,9,1990,1994,30,30,30,30
6135,9,1990,1994,30,30,30,30
6019,10,1990,1994,31,31,31,31
6031,10,1990,1994,31,31,31,31
6109,10,1990,1994,31,31,31,31
6116,10,1990,1994,31,31,31,31
6126,10,1990,1994,31,31,31,31
6135,10,1990,1994,31,31,31,31
6019,11,1990,1994,30,30,30,29
6031,11,1990,1994,30,30,30,29
6109,11,1990,1994,30,30,30,29
6116,11,1990,1994,30,30,30,28
6126,11,1990,1994,30,30,30,27
6135,11,1990,1994,30,30,30,28
6019,12,1990,1994,31,31,31,31
6031,12,1990,1994,31,31,31,31
6109,12,1990,1994,31,31,31,31
6116,12,1990,1994,31,31,31,31
6126,12,1990,1994,31,31,31,31
6135,12,1990,1994,31,31,31,31
6019,1,1990,1995,31,31,31,31
6031,1,1990,1995,31,31,31,31
6109,1,1990,1995,31,31,31,31
6116,1,1990,1995,31,31,31,31
6126,1,1990,1995,31,31,31,31
6135,1,1990,1995,31,31,31,31
6019,2,1990,1995,28,28,28,28
6031,2,1990,1995,28,28,28,28
6109,2,1990,1995,28,28,28,28
6116,2,1990,1995,28,28,28,28
6126,2,1990,1995,28,28,28,28
6135,2,1990,1995,28,28,28,28
6019,3,1990,1995,31,31,31,31
6031,3,1990,1995,31,31,31,31
6109,3,1990,1995,31,31,31,31
6116,3,1990,1995,31,31,31,31
6126,3,1990,1995,31,31,31,31
6135,3,1990,1995,31,31,31,31
6019,4,1990,1995,30,30,30,30
6031,4,1990,1995,30,30,30,30
6109,4,1990,1995,30,30,30,29
6116,4,1990,1995,30,30,30,30
6126,4,1990,1995,30,30,30,30
6135,4,1990,1995,30,30,30,30
6019,5,1990,1995,31,31,31,28
6031,5,1990,1995,31,31,31,29
6109,5,1990,1995,31,31,31,29
6116,5,1990,1995,31,31,31,29
6126,5,1990,1995,30,30,30,27
6135,5,1990,1995,31,31,31,29
6019,6,1990,1995,30,30,30,29
6031,6,1990,1995,30,30,30,29
6109,6,1990,1995,30,30,30,29
6116,6,1990,1995,30,30,30,29
6126,6,1990,1995,30,30,30,29
6135,6,1990,1995,30,30,30,28
6019,7,1990,1995,31,31,31,31
6031,7,1990,1995,31,31,31,31
6109,7,1990,1995,31,31,31,31
6116,7,1990,1995,31,31,31,31
6126,7,1990,1995,31,31,31,31
6135,7,1990,1995,31,31,31,31
6019,8,1990,1995,31,31,31,31
6031,8,1990,1995,31,31,31,31
6109,8,1990,1995,31,25,25,31
6116,8,1990,1995,31,31,31,31
6126,8,1990,1995,31,31,31,31
6135,8,1990,1995,31,31,31,31
6019,9,1990,1995,30,30,30,29
6031,9,1990,1995,30,30,30,29
6109,9,1990,1995,30,30,30,29
6116,9,1990,1995,30,30,30,29
6126,9,1990,1995,30,30,30,29
6135,9,1990,1995,30,30,30,29
6019,10,1990,1995,31,31,31,31
6031,10,1990,1995,31,31,31,31
6109,10,1990,1995,31,31,31,31
6116,10,1990,1995,31,31,31,31
6126,10,1990,1995,31,31,31,31
6135,10,1990,1995,31,31,31,31
6019,11,1990,1995,30,30,30,30
6031,11,1990,1995,30,30,30,30
6109,11,1990,1995,30,30,30,30
6116,11,1990,1995,30,30,30,30
6126,11,1990,1995,30,30,30,30
6135,11,1990,1995,30,30,30,30
6019,12,1990,1995,31,31,31,31
6031,12,1990,1995,31,31,31,31
6109,12,1990,1995,31,31,31,31
6116,12,1990,1995,31,31,31,31
6126,12,1990,1995,31,31,31,30
6135,12,1990,1995,31,31,31,31
6019,1,1990,1996,31,31,31,31
6031,1,1990,1996,31,31,31,31
6109,1,1990,1996,31,31,31,31
6116,1,1990,1996,31,31,31,31
6126,1,1990,1996,31,31,31,31
6135,1,1990,1996,31,31,31,31
6019,2,1990,1996,29,29,29,29
6031,2,1990,1996,29,29,29,29
6109,2,1990,1996,29,29,29,29
6116,2,1990,1996,29,29,29,29
6126,2,1990,1996,29,29,29,29
6135,2,1990,1996,29,29,29,29
6019,3,1990,1996,31,31,31,30
6031,3,1990,1996,31,31,31,29
6109,3,1990,1996,31,31,31,30
6116,3,1990,1996,31,31,31,30
6126,3,1990,1996,31,31,31,30
6135,3,1990,1996,29,29,29,27
6019,4,1990,1996,29,29,29,28
6031,4,1990,1996,30,30,30,30
6109,4,1990,1996,30,30,30,29
6116,4,1990,1996,30,30,30,30
6126,4,1990,1996,30,30,30,30
6135,4,1990,1996,21,21,21,20
6019,5,1990,1996,31,31,31,31
6031,5,1990,1996,31,31,31,31
6109,5,1990,1996,31,31,31,31
6116,5,1990,1996,28,28,28,26
6126,5,1990,1996,31,31,31,31
6135,5,1990,1996,31,31,31,29
6019,6,1990,1996,30,30,30,29
6031,6,1990,1996,30,30,30,30
6109,6,1990,1996,30,30,30,30
6116,6,1990,1996,30,30,30,30
6126,6,1990,1996,30,30,30,30
6135,6,1990,1996,30,30,30,30
6019,7,1990,1996,31,31,31,31
6031,7,1990,1996,31,31,31,31
6109,7,1990,1996,31,31,31,31
6116,7,1990,1996,31,31,31,31
6126,7,1990,1996,31,31,31,31
6135,7,1990,1996,31,31,31,22
6019,8,1990,1996,31,31,31,30
6031,8,1990,1996,31,31,31,31
6109,8,1990,1996,31,31,31,31
6116,8,1990,1996,31,31,31,31
6126,8,1990,1996,31,31,31,31
6135,8,1990,1996,29,29,29,20
6019,9,1990,1996,27,27,27,26
6031,9,1990,1996,30,30,30,30
6109,9,1990,1996,30,30,30,30
6116,9,1990,1996,30,30,30,30
6126,9,1990,1996,30,30,30,30
6135,9,1990,1996,30,30,30,30
6019,10,1990,1996,31,31,31,31
6031,10,1990,1996,31,31,31,30
6109,10,1990,1996,31,31,31,31
6116,10,1990,1996,31,31,31,31
6126,10,1990,1996,31,31,31,31
6135,10,1990,1996,29,29,29,27
6019,11,1990,1996,30,30,30,30
6031,11,1990,1996,30,30,30,30
6109,11,1990,1996,30,30,30,30
6116,11,1990,1996,30,30,30,30
6126,11,1990,1996,30,30,30,30
6135,11,1990,1996,30,30,30,25
6019,12,1990,1996,31,31,31,31
6031,12,1990,1996,31,31,31,31
6109,12,1990,1996,31,31,31,31
6116,12,1990,1996,31,31,31,31
6126,12,1990,1996,31,31,31,31
6135,12,1990,1996,25,27,27,23
6019,1,1990,1997,31,31,31,30
6031,1,1990,1997,31,31,31,30
6109,1,1990,1997,31,31,31,30
6116,1,1990,1997,31,31,31,30
6126,1,1990,1997,31,31,31,30
6135,1,1990,1997,31,31,31,30
6019,2,1990,1997,28,28,28,28
6031,2,1990,1997,28,28,28,28
6109,2,1990,1997,28,28,28,28
6116,2,1990,1997,28,28,28,28
6126,2,1990,1997,28,28,28,28
6135,2,1990,1997,28,28,28,28
6019,3,1990,1997,31,31,31,31
6031,3,1990,1997,30,30,30,29
6109,3,1990,1997,31,31,31,31
6116,3,1990,1997,31,31,31,31
6126,3,1990,1997,31,31,31,31
6135,3,1990,1997,31,31,31,30
6019,4,1990,1997,30,30,30,30
6031,4,1990,1997,30,30,30,28
6109,4,1990,1997,30,30,30,30
6116,4,1990,1997,30,30,30,30
6126,4,1990,1997,30,30,30,30
6135,4,1990,1997,30,30,30,30
6019,5,1990,1997,31,31,31,30
6031,5,1990,1997,30,30,30,27
6109,5,1990,1997,31,31,31,31
6116,5,1990,1997,31,31,31,30
6126,5,1990,1997,31,31,31,30
6135,5,1990,1997,31,31,31,30
6019,6,1990,1997,30,30,30,30
6031,6,1990,1997,30,30,30,27
6109,6,1990,1997,30,30,30,30
6116,6,1990,1997,30,30,30,30
6126,6,1990,1997,30,30,30,30
6135,6,1990,1997,30,30,30,30
6019,7,1990,1997,31,31,31,31
6031,7,1990,1997,31,31,31,31
6109,7,1990,1997,31,31,31,31
6116,7,1990,1997,31,31,31,31
6126,7,1990,1997,31,31,31,31
6135,7,1990,1997,31,31,31,31
6019,8,1990,1997,31,31,31,30
6031,8,1990,1997,31,31,31,31
6109,8,1990,1997,31,31,31,31
6116,8,1990,1997,31,31,31,31
6126,8,1990,1997,31,31,31,31
6135,8,1990,1997,31,31,31,31
6019,9,1990,1997,30,30,30,30
6031,9,1990,1997,30,30,30,28
6109,9,1990,1997,30,30,30,30
6116,9,1990,1997,30,30,30,30
6126,9,1990,1997,30,30,30,30
6135,9,1990,1997,30,30,30,30
6019,10,1990,1997,31,31,31,31
6031,10,1990,1997,31,31,31,29
6109,10,1990,1997,31,31,31,29
6116,10,1990,1997,31,31,31,31
6126,10,1990,1997,31,31,31,31
6135,10,1990,1997,31,31,31,31
6019,11,1990,1997,30,30,30,29
6031,11,1990,1997,30,30,30,29
6109,11,1990,1997,30,30,30,29
6116,11,1990,1997,30,30,30,29
6126,11,1990,1997,30,30,30,30
6135,11,1990,1997,30,30,30,29
6019,12,1990,1997,31,31,31,31
6031,12,1990,1997,30,30,30,27
6109,12,1990,1997,31,31,31,31
6116,12,1990,1997,31,31,31,31
6126,12,1990,1997,31,31,31,30
6135,12,1990,1997,31,31,31,31
6019,1,1990,1998,31,31,31,31
6031,1,1990,1998,30,30,30,28
6109,1,1990,1998,31,31,31,31
6116,1,1990,1998,31,31,31,31
6126,1,1990,1998,31,31,31,31
6135,1,1990,1998,31,31,31,22
6019,2,1990,1998,28,28,28,28
6031,2,1990,1998,28,28,28,28
6109,2,1990,1998,28,28,28,28
6116,2,1990,1998,28,28,28,28
6126,2,1990,1998,28,28,28,28
6135,2,1990,1998,28,28,28,26
6019,3,1990,1998,31,31,31,31
6031,3,1990,1998,31,31,31,31
6109,3,1990,1998,31,31,31,31
6116,3,1990,1998,31,31,31,31
6126,3,1990,1998,31,31,31,31
6135,3,1990,1998,31,31,31,31
6019,4,1990,1998,30,30,30,27
6031,4,1990,1998,30,30,30,30
6109,4,1990,1998,30,30,30,30
6116,4,1990,1998,30,30,30,30
6126,4,1990,1998,30,30,30,30
6135,4,1990,1998,30,30,30,30
6019,5,1990,1998,31,31,31,31
6031,5,1990,1998,31,31,31,31
6109,5,1990,1998,31,31,31,30
6116,5,1990,1998,31,31,31,31
6126,5,1990,1998,31,31,31,27
6135,5,1990,1998,31,31,31,31
6019,6,1990,1998,30,30,30,29
6031,6,1990,1998,30,30,30,30
6109,6,1990,1998,30,30,30,29
6116,6,1990,1998,30,30,30,28
6126,6,1990,1998,30,30,30,25
6135,6,1990,1998,29,30,30,27
6019,7,1990,1998,31,31,31,31
6031,7,1990,1998,31,31,31,31
6109,7,1990,1998,31,31,31,31
6116,7,1990,1998,31,31,31,31
6126,7,1990,1998,31,31,31,31
6135,7,1990,1998,31,31,31,31
6019,8,1990,1998,31,31,31,31
6031,8,1990,1998,31,31,31,31
6109,8,1990,1998,31,31,31,31
6116,8,1990,1998,31,31,31,30
6126,8,1990,1998,31,31,31,31
6135,8,1990,1998,31,31,31,31
6019,9,1990,1998,30,30,30,30
6031,9,1990,1998,30,30,30,30
6109,9,1990,1998,30,30,30,30
6116,9,1990,1998,30,30,30,26
6126,9,1990,1998,30,30,30,30
6135,9,1990,1998,30,30,30,30
6019,10,1990,1998,31,31,31,30
6031,10,1990,1998,31,31,31,31
6109,10,1990,1998,31,31,31,29
6116,10,1990,1998,31,31,31,28
6126,10,1990,1998,31,31,31,31
6135,10,1990,1998,31,31,31,31
6019,11,1990,1998,30,30,30,30
6031,11,1990,1998,30,30,30,30
6109,11,1990,1998,30,30,30,30
6116,11,1990,1998,30,30,30,30
6126,11,1990,1998,30,30,30,28
6135,11,1990,1998,30,30,30,29
6019,12,1990,1998,31,31,31,29
6031,12,1990,1998,31,31,31,30
6109,12,1990,1998,31,31,31,30
6116,12,1990,1998,31,31,31,30
6126,12,1990,1998,31,31,31,27
6135,12,1990,1998,31,31,31,31
6019,1,1990,1999,31,31,31,31
6031,1,1990,1999,31,31,31,31
6109,1,1990,1999,31,31,31,30
6116,1,1990,1999,31,31,31,30
6126,1,1990,1999,31,31,31,31
6135,1,1990,1999,31,31,31,30
6019,2,1990,1999,28,28,28,28
6031,2,1990,1999,28,28,28,28
6109,2,1990,1999,28,28,28,27
6116,2,1990,1999,28,28,28,28
6126,2,1990,1999,28,28,28,27
6135,2,1990,1999,27,27,27,25
6019,3,1990,1999,31,31,31,31
6031,3,1990,1999,31,31,31,31
6109,3,1990,1999,31,31,31,31
6116,3,1990,1999,31,31,31,31
6126,3,1990,1999,31,31,31,31
6135,3,1990,1999,31,31,31,31
6019,4,1990,1999,30,30,30,30
6031,4,1990,1999,30,30,30,30
6109,4,1990,1999,30,30,30,29
6116,4,1990,1999,30,30,30,30
6126,4,1990,1999,30,30,30,30
6135,4,1990,1999,30,30,30,30
6019,5,1990,1999,31,31,31,31
6031,5,1990,1999,31,31,31,31
6109,5,1990,1999,31,31,31,30
6116,5,1990,1999,31,31,31,30
6126,5,1990,1999,31,31,31,30
6135,5,1990,1999,31,31,31,31
6019,6,1990,1999,30,30,30,30
6031,6,1990,1999,30,30,30,30
6109,6,1990,1999,30,30,30,29
6116,6,1990,1999,30,30,30,29
6126,6,1990,1999,30,30,30,29
6135,6,1990,1999,30,30,30,29
6019,7,1990,1999,31,31,31,31
6031,7,1990,1999,31,31,31,31
6109,7,1990,1999,31,31,31,31
6116,7,1990,1999,31,31,31,31
6126,7,1990,1999,31,31,31,31
6135,7,1990,1999,31,31,31,28
6019,8,1990,1999,31,31,31,31
6031,8,1990,1999,31,31,31,31
6109,8,1990,1999,31,31,31,30
6116,8,1990,1999,31,31,31,31
6126,8,1990,1999,31,31,31,31
6135,8,1990,1999,31,31,31,9
6019,9,1990,1999,30,30,30,30
6031,9,1990,1999,29,29,29,27
6109,9,1990,1999,30,30,30,29
6116,9,1990,1999,30,30,30,30
6126,9,1990,1999,30,30,30,30
6135,9,1990,1999,30,30,30,23
6019,10,1990,1999,31,31,31,31
6031,10,1990,1999,31,31,31,31
6109,10,1990,1999,31,31,31,31
6116,10,1990,1999,27,27,27,26
6126,10,1990,1999,31,31,31,31
6135,10,1990,1999,31,31,31,31
6019,11,1990,1999,30,30,30,29
6031,11,1990,1999,30,30,30,29
6069,11,1990,1999,28,28,28,0
6109,11,1990,1999,30,30,30,30
6116,11,1990,1999,30,30,30,30
6126,11,1990,1999,30,30,30,30
6135,11,1990,1999,30,30,30,30
6019,12,1990,1999,31,31,31,31
6031,12,1990,1999,31,31,31,29
6069,12,1990,1999,31,31,31,0
6109,12,1990,1999,31,31,31,31
6116,12,1990,1999,31,31,31,31
6126,12,1990,1999,31,31,31,31
6135,12,1990,1999,31,31,31,31
6019,1,2000,2000,31,31,31,29
6031,1,2000,2000,31,31,31,30
6069,1,2000,2000,31,31,31,31
6109,1,2000,2000,31,31,31,29
6116,1,2000,2000,31,31,31,30
6126,1,2000,2000,31,31,31,30
6135,1,2000,2000,31,31,31,30
6019,2,2000,2000,29,29,29,29
6031,2,2000,2000,27,27,27,26
6069,2,2000,2000,29,29,29,29
6109,2,2000,2000,29,29,29,29
6116,2,2000,2000,29,29,29,29
6126,2,2000,2000,29,29,29,28
6135,2,2000,2000,29,29,29,28
6019,3,2000,2000,31,31,31,31
6031,3,2000,2000,31,31,31,30
6069,3,2000,2000,31,31,31,31
6109,3,2000,2000,31,31,31,31
6116,3,2000,2000,31,31,31,31
6126,3,2000,2000,31,31,31,31
6135,3,2000,2000,31,31,31,31
6019,4,2000,2000,30,30,30,30
6031,4,2000,2000,30,30,30,30
6069,4,2000,2000,30,30,30,30
6109,4,2000,2000,30,30,30,30
6116,4,2000,2000,20,20,20,18
6126,4,2000,2000,26,26,26,25
6135,4,2000,2000,26,30,30,25
6019,5,2000,2000,31,31,31,31
6031,5,2000,2000,31,31,31,30
6069,5,2000,2000,31,31,31,31
6109,5,2000,2000,31,31,31,30
6116,5,2000,2000,30,30,30,28
6126,5,2000,2000,30,30,30,28
6135,5,2000,2000,31,31,31,31
6019,6,2000,2000,30,30,30,29
6031,6,2000,2000,30,30,30,30
6069,6,2000,2000,30,30,30,30
6109,6,2000,2000,30,30,30,30
6116,6,2000,2000,30,30,30,30
6126,6,2000,2000,30,30,30,30
6135,6,2000,2000,30,30,30,30
6019,7,2000,2000,31,31,31,31
6031,7,2000,2000,31,31,31,31
6069,7,2000,2000,31,31,31,31
6109,7,2000,2000,31,31,31,31
6116,7,2000,2000,31,31,31,31
6126,7,2000,2000,31,31,31,31
6135,7,2000,2000,31,31,31,31
6019,8,2000,2000,31,31,31,31
6031,8,2000,2000,31,31,31,31
6069,8,2000,2000,31,31,31,31
6109,8,2000,2000,31,31,31,31
6116,8,2000,2000,31,31,31,31
6126,8,2000,2000,31,31,31,31
6135,8,2000,2000,31,31,31,31
6019,9,2000,2000,30,30,30,29
6031,9,2000,2000,30,30,30,29
6069,9,2000,2000,30,30,30,30
6109,9,2000,2000,30,30,30,29
6116,9,2000,2000,30,30,30,29
6126,9,2000,2000,30,30,30,30
6135,9,2000,2000,27,27,27,27
6019,10,2000,2000,31,31,31,31
6031,10,2000,2000,31,31,31,31
6069,10,2000,2000,31,31,31,31
6109,10,2000,2000,31,31,31,31
6116,10,2000,2000,31,31,31,31
6126,10,2000,2000,31,31,31,30
6135,10,2000,2000,31,31,31,30
6019,11,2000,2000,30,30,30,30
6031,11,2000,2000,30,30,30,30
6069,11,2000,2000,30,30,30,30
6109,11,2000,2000,30,30,30,30
6116,11,2000,2000,30,30,30,30
6126,11,2000,2000,30,30,30,30
6135,11,2000,2000,30,30,30,30
6019,12,2000,2000,31,31,31,31
6031,12,2000,2000,31,31,31,31
6069,12,2000,2000,31,31,31,31
6109,12,2000,2000,31,31,31,31
6116,12,2000,2000,28,28,28,26
6126,12,2000,2000,31,31,31,31
6135,12,2000,2000,31,31,31,31
6019,1,2000,2001,31,31,31,31
6031,1,2000,2001,31,31,31,31
6069,1,2000,2001,31,31,31,31
6109,1,2000,2001,31,31,31,31
6116,1,2000,2001,31,31,31,31
6126,1,2000,2001,31,31,31,31
6135,1,2000,2001,31,31,31,31
6019,2,2000,2001,28,28,28,28
6031,2,2000,2001,28,28,28,28
6069,2,2000,2001,28,28,28,28
6109,2,2000,2001,28,28,28,28
6116,2,2000,2001,27,27,27,26
6126,2,2000,2001,28,28,28,28
6135,2,2000,2001,28,28,28,28
6019,3,2000,2001,31,31,31,29
6031,3,2000,2001,31,31,31,29
6069,3,2000,2001,31,31,31,31
6109,3,2000,2001,31,31,31,31
6116,3,2000,2001,30,30,30,30
6126,3,2000,2001,31,31,31,31
6135,3,2000,2001,31,31,31,31
6019,4,2000,2001,30,30,30,30
6031,4,2000,2001,30,30,30,30
6069,4,2000,2001,30,30,30,30
6109,4,2000,2001,30,30,30,30
6116,4,2000,2001,30,30,30,28
6126,4,2000,2001,30,30,30,30
6135,4,2000,2001,30,30,30,30
6019,5,2000,2001,31,31,31,31
6031,5,2000,2001,31,31,31,31
6069,5,2000,2001,31,31,31,31
6109,5,2000,2001,31,31,31,31
6116,5,2000,2001,29,29,29,27
6126,5,2000,2001,31,31,31,31
6135,5,2000,2001,31,27,27,31
6019,6,2000,2001,30,30,30,29
6031,6,2000,2001,30,30,30,28
6069,6,2000,2001,30,30,30,30
6109,6,2000,2001,30,30,30,29
6116,6,2000,2001,23,0,0,13
6126,6,2000,2001,22,5,5,20
6135,6,2000,2001,30,0,0,30
6019,7,2000,2001,31,31,31,31
6031,7,2000,2001,31,31,31,31
6069,7,2000,2001,31,31,31,31
6109,7,2000,2001,31,31,31,31
6116,7,2000,2001,31,0,0,30
6126,7,2000,2001,31,0,0,31
6135,7,2000,2001,31,0,0,31
6019,8,2000,2001,31,31,31,31
6031,8,2000,2001,31,31,31,31
6069,8,2000,2001,31,31,31,31
6109,8,2000,2001,31,31,31,31
6116,8,2000,2001,31,0,0,31
6126,8,2000,2001,31,0,0,31
6135,8,2000,2001,31,0,0,31
6019,9,2000,2001,30,30,30,30
6031,9,2000,2001,29,29,29,29
6069,9,2000,2001,30,30,30,30
6109,9,2000,2001,30,30,30,30
6116,9,2000,2001,30,0,0,30
6126,9,2000,2001,30,0,0,30
6135,9,2000,2001,30,0,0,30
6019,10,2000,2001,31,31,31,31
6031,10,2000,2001,31,31,31,31
6069,10,2000,2001,31,31,31,31
6109,10,2000,2001,31,31,31,31
6116,10,2000,2001,31,0,0,30
6126,10,2000,2001,31,0,0,30
6135,10,2000,2001,31,0,0,31
6019,11,2000,2001,30,30,30,29
6031,11,2000,2001,30,30,30,30
6069,11,2000,2001,30,30,30,30
6109,11,2000,2001,30,30,30,29
6116,11,2000,2001,27,0,0,27
6126,11,2000,2001,28,0,0,27
6135,11,2000,2001,29,0,0,26
6019,12,2000,2001,31,31,31,31
6031,12,2000,2001,31,31,31,31
6069,12,2000,2001,31,31,31,31
6109,12,2000,2001,31,31,31,31
6116,12,2000,2001,31,0,0,31
6126,12,2000,2001,31,0,0,31
6135,12,2000,2001,31,0,0,31
6019,1,2000,2002,31,31,31,31
6031,1,2000,2002,31,31,31,31
6069,1,2000,2002,31,31,31,31
6109,1,2000,2002,31,31,31,31
6116,1,2000,2002,31,0,0,31
6126,1,2000,2002,31,0,0,31
6135,1,2000,2002,31,0,0,31
6019,2,2000,2002,28,28,28,28
6031,2,2000,2002,28,28,28,28
6069,2,2000,2002,28,28,28,28
6109,2,2000,2002,28,28,28,27
6116,2,2000,2002,28,0,0,27
6126,2,2000,2002,28,0,0,27
6135,2,2000,2002,28,0,0,27
6019,3,2000,2002,24,12,12,19
6031,3,2000,2002,31,18,18,18
6069,3,2000,2002,31,31,31,31
6109,3,2000,2002,31,31,31,31
6116,3,2000,2002,31,31,31,31
6126,3,2000,2002,31,31,31,31
6135,3,2000,2002,31,31,31,31
6019,4,2000,2002,30,0,0,29
6031,4,2000,2002,30,30,30,30
6069,4,2000,2002,30,30,30,30
6109,4,2000,2002,30,15,15,16
6116,4,2000,2002,30,30,30,30
6126,4,2000,2002,30,30,30,30
6135,4,2000,2002,30,30,30,30
6019,5,2000,2002,31,9,9,31
6031,5,2000,2002,31,31,31,31
6069,5,2000,2002,31,31,31,31
6109,5,2000,2002,31,31,31,31
6116,5,2000,2002,31,0,0,31
6126,5,2000,2002,31,0,0,31
6135,5,2000,2002,29,0,0,30
6019,6,2000,2002,29,29,29,30
6031,6,2000,2002,26,26,26,29
6069,6,2000,2002,30,30,30,30
6109,6,2000,2002,29,29,29,30
6116,6,2000,2002,30,30,30,30
6126,6,2000,2002,30,30,30,30
6135,6,2000,2002,30,30,30,30
6019,7,2000,2002,31,30,30,31
6031,7,2000,2002,31,31,31,20
6069,7,2000,2002,31,31,31,31
6109,7,2000,2002,31,31,31,31
6116,7,2000,2002,31,31,31,31
6126,7,2000,2002,31,31,31,31
6135,7,2000,2002,31,31,31,31
6019,8,2000,2002,30,28,28,31
6031,8,2000,2002,30,30,30,31
6069,8,2000,2002,31,31,31,31
6109,8,2000,2002,28,28,28,30
6116,8,2000,2002,23,22,22,24
6126,8,2000,2002,30,30,30,31
6135,8,2000,2002,30,30,30,31
6019,9,2000,2002,30,30,30,30
6031,9,2000,2002,30,30,30,30
6069,9,2000,2002,30,30,30,30
6109,9,2000,2002,30,30,30,30
6116,9,2000,2002,30,30,30,30
6126,9,2000,2002,30,30,30,30
6135,9,2000,2002,30,30,30,30
6019,10,2000,2002,31,31,31,31
6031,10,2000,2002,31,31,31,31
6069,10,2000,2002,31,31,31,31
6109,10,2000,2002,31,31,31,31
6116,10,2000,2002,31,31,31,31
6126,10,2000,2002,31,31,31,31
6135,10,2000,2002,31,31,31,31
6019,11,2000,2002,30,30,30,30
6031,11,2000,2002,30,30,30,30
6069,11,2000,2002,30,30,30,30
6109,11,2000,2002,28,28,28,29
6116,11,2000,2002,30,30,30,30
6126,11,2000,2002,30,30,30,30
6135,11,2000,2002,30,30,30,30
6019,12,2000,2002,31,29,29,31
6031,12,2000,2002,31,31,31,31
6069,12,2000,2002,31,31,31,31
6109,12,2000,2002,31,31,31,31
6116,12,2000,2002,31,31,31,31
6126,12,2000,2002,31,31,31,31
6135,12,2000,2002,31,31,31,31
6019,1,2000,2003,31,31,31,30
6031,1,2000,2003,31,31,31,30
6069,1,2000,2003,31,31,31,31
6109,1,2000,2003,31,31,31,30
6116,1,2000,2003,31,31,31,30
6126,1,2000,2003,31,31,31,30
6135,1,2000,2003,31,31,31,30
6019,2,2000,2003,28,28,28,28
6031,2,2000,2003,28,26,26,28
6069,2,2000,2003,28,28,28,28
6109,2,2000,2003,28,28,28,28
6116,2,2000,2003,28,28,28,28
6126,2,2000,2003,28,28,28,28
6135,2,2000,2003,28,28,28,28
6019,3,2000,2003,31,31,31,31
6031,3,2000,2003,31,31,31,31
6069,3,2000,2003,31,31,31,31
6109,3,2000,2003,31,31,31,31
6116,3,2000,2003,31,31,31,31
6126,3,2000,2003,31,31,31,31
6135,3,2000,2003,31,31,31,31
6019,4,2000,2003,30,30,30,30
6031,4,2000,2003,30,30,30,30
6069,4,2000,2003,29,29,29,30
6109,4,2000,2003,30,30,30,30
6116,4,2000,2003,30,30,30,29
6126,4,2000,2003,30,30,30,30
6135,4,2000,2003,30,30,30,30
6019,5,2000,2003,31,31,31,31
6031,5,2000,2003,31,31,31,28
6069,5,2000,2003,31,31,31,31
6109,5,2000,2003,31,31,31,30
6116,5,2000,2003,31,31,31,30
6126,5,2000,2003,31,31,31,31
6135,5,2000,2003,31,31,31,31
6019,6,2000,2003,30,30,30,30
6031,6,2000,2003,29,29,29,28
6069,6,2000,2003,30,29,29,30
6109,6,2000,2003,30,30,30,30
6116,6,2000,2003,30,30,30,30
6126,6,2000,2003,30,30,30,30
6135,6,2000,2003,30,30,30,30
6019,7,2000,2003,30,30,30,30
6031,7,2000,2003,31,31,31,31
6069,7,2000,2003,31,30,30,31
6109,7,2000,2003,31,31,31,31
6116,7,2000,2003,31,31,31,31
6126,7,2000,2003,31,31,31,31
6135,7,2000,2003,31,31,31,31
6019,8,2000,2003,31,31,31,31
6031,8,2000,2003,31,31,31,31
6069,8,2000,2003,31,31,31,31
6109,8,2000,2003,31,31,31,31
6116,8,2000,2003,31,31,31,31
6126,8,2000,2003,31,31,31,31
6135,8,2000,2003,31,31,31,31
6019,9,2000,2003,30,30,30,30
6031,9,2000,2003,30,30,30,30
6069,9,2000,2003,30,29,29,30
6109,9,2000,2003,30,30,30,30
6116,9,2000,2003,30,30,30,30
6126,9,2000,2003,30,30,30,30
6135,9,2000,2003,30,30,30,30
6019,10,2000,2003,31,31,31,31
6031,10,2000,2003,31,31,31,31
6069,10,2000,2003,31,31,31,31
6109,10,2000,2003,31,31,31,31
6116,10,2000,2003,31,31,31,31
6126,10,2000,2003,31,31,31,31
6135,10,2000,2003,31,31,31,31
6019,11,2000,2003,30,30,30,30
6031,11,2000,2003,29,29,29,28
6069,11,2000,2003,30,30,30,30
6109,11,2000,2003,30,30,30,28
6116,11,2000,2003,30,30,30,30
6126,11,2000,2003,30,30,30,30
6135,11,2000,2003,30,30,30,30
6019,12,2000,2003,31,31,31,31
6031,12,2000,2003,22,22,22,23
6069,12,2000,2003,30,29,29,30
6109,12,2000,2003,31,31,31,31
6116,12,2000,2003,31,31,31,31
6126,12,2000,2003,31,31,31,31
6135,12,2000,2003,31,31,31,31
6019,1,2000,2004,31,31,31,30
6031,1,2000,2004,26,26,26,25
6069,1,2000,2004,31,31,31,30
6109,1,2000,2004,31,31,31,30
6116,1,2000,2004,31,31,31,29
6126,1,2000,2004,31,31,31,30
6135,1,2000,2004,31,31,31,30
6019,2,2000,2004,29,29,29,29
6031,2,2000,2004,28,28,28,28
6069,2,2000,2004,29,29,29,29
6109,2,2000,2004,29,29,29,29
6116,2,2000,2004,29,29,29,29
6126,2,2000,2004,29,29,29,29
6135,2,2000,2004,29,29,29,29
6019,3,2000,2004,31,31,31,31
6031,3,2000,2004,26,26,26,25
6069,3,2000,2004,31,31,31,31
6109,3,2000,2004,31,31,31,31
6116,3,2000,2004,31,31,31,31
6126,3,2000,2004,31,31,31,31
6135,3,2000,2004,31,31,31,31
6019,4,2000,2004,30,30,30,30
6031,4,2000,2004,30,30,30,30
6069,4,2000,2004,30,30,30,30
6109,4,2000,2004,30,30,30,30
6116,4,2000,2004,30,30,30,30
6126,4,2000,2004,30,30,30,30
6135,4,2000,2004,30,30,30,29
6019,5,2000,2004,31,31,31,31
6031,5,2000,2004,31,31,31,31
6069,5,2000,2004,31,31,31,31
6109,5,2000,2004,31,31,31,31
6116,5,2000,2004,31,31,31,31
6126,5,2000,2004,31,31,31,31
6135,5,2000,2004,31,31,31,31
6019,6,2000,2004,30,30,30,30
6031,6,2000,2004,25,25,25,25
6069,6,2000,2004,30,30,30,30
6109,6,2000,2004,30,30,30,30
6116,6,2000,2004,30,30,30,29
6126,6,2000,2004,30,30,30,30
6135,6,2000,2004,30,30,30,30
6019,7,2000,2004,31,31,31,31
6031,7,2000,2004,31,31,31,31
6069,7,2000,2004,31,31,31,31
6109,7,2000,2004,31,31,31,31
6116,7,2000,2004,31,31,31,31
6126,7,2000,2004,31,31,31,31
6135,7,2000,2004,31,31,31,31
6019,8,2000,2004,31,31,31,31
6031,8,2000,2004,31,31,31,31
6069,8,2000,2004,31,31,31,31
6109,8,2000,2004,31,31,31,31
6116,8,2000,2004,31,31,31,31
6126,8,2000,2004,31,31,31,31
6135,8,2000,2004,31,31,31,31
6019,9,2000,2004,30,30,30,30
6031,9,2000,2004,30,30,30,30
6069,9,2000,2004,30,30,30,30
6109,9,2000,2004,30,30,30,30
6116,9,2000,2004,30,30,30,30
6126,9,2000,2004,30,30,30,30
6135,9,2000,2004,30,30,30,30
6019,10,2000,2004,31,31,31,31
6031,10,2000,2004,31,31,31,24
6069,10,2000,2004,31,31,31,31
6109,10,2000,2004,31,31,31,31
6116,10,2000,2004,31,31,31,31
6126,10,2000,2004,31,31,31,31
6135,10,2000,2004,31,31,31,31
6019,11,2000,2004,30,30,30,30
6031,11,2000,2004,30,30,30,30
6069,11,2000,2004,30,30,30,30
6109,11,2000,2004,30,30,30,30
6116,11,2000,2004,30,30,30,30
6126,11,2000,2004,30,30,30,30
6135,11,2000,2004,30,30,30,30
6019,12,2000,2004,31,31,31,31
6031,12,2000,2004,31,31,31,31
6069,12,2000,2004,31,31,31,31
6109,12,2000,2004,31,31,31,31
6116,12,2000,2004,31,31,31,31
6126,12,2000,2004,31,31,31,31
6135,12,2000,2004,31,31,31,31
6019,1,2000,2005,30,30,30,29
6031,1,2000,2005,31,31,31,30
6069,1,2000,2005,29,31,31,31
6109,1,2000,2005,31,31,31,30
6116,1,2000,2005,31,31,31,30
6126,1,2000,2005,27,27,27,26
6135,1,2000,2005,31,31,31,30
6019,2,2000,2005,28,28,28,28
6031,2,2000,2005,28,28,28,28
6069,2,2000,2005,28,28,28,28
6109,2,2000,2005,28,28,28,28
6116,2,2000,2005,28,28,28,28
6126,2,2000,2005,28,28,28,28
6135,2,2000,2005,28,28,28,28
6019,3,2000,2005,31,31,31,31
6031,3,2000,2005,31,31,31,31
6069,3,2000,2005,31,31,31,31
6109,3,2000,2005,25,25,25,23
6116,3,2000,2005,31,31,31,31
6126,3,2000,2005,31,31,31,31
6135,3,2000,2005,31,31,31,31
6019,4,2000,2005,30,30,30,30
6031,4,2000,2005,30,30,30,30
6069,4,2000,2005,30,30,30,30
6109,4,2000,2005,24,24,24,24
6116,4,2000,2005,30,30,30,30
6126,4,2000,2005,30,30,30,30
6135,4,2000,2005,30,30,30,30
6019,5,2000,2005,31,31,31,31
6031,5,2000,2005,31,31,31,31
6069,5,2000,2005,31,31,31,31
6109,5,2000,2005,31,31,31,31
6116,5,2000,2005,31,31,31,30
6126,5,2000,2005,31,31,31,31
6135,5,2000,2005,31,31,31,30
6019,6,2000,2005,30,30,30,30
6031,6,2000,2005,27,27,27,28
6069,6,2000,2005,30,30,30,30
6109,6,2000,2005,30,30,30,30
6116,6,2000,2005,30,30,30,30
6126,6,2000,2005,30,30,30,30
6135,6,2000,2005,30,30,30,30
6019,7,2000,2005,31,31,31,31
6031,7,2000,2005,30,30,30,30
6069,7,2000,2005,31,31,31,31
6109,7,2000,2005,31,31,31,31
6116,7,2000,2005,31,31,31,31
6126,7,2000,2005,31,31,31,31
6135,7,2000,2005,31,31,31,31
6019,8,2000,2005,31,31,31,31
6031,8,2000,2005,31,31,31,31
6069,8,2000,2005,31,27,27,31
6109,8,2000,2005,31,31,31,31
6116,8,2000,2005,31,31,31,31
6126,8,2000,2005,31,31,31,31
6135,8,2000,2005,31,31,31,31
6019,9,2000,2005,30,30,30,30
6031,9,2000,2005,24,24,24,25
6069,9,2000,2005,30,30,30,30
6109,9,2000,2005,30,30,30,30
6116,9,2000,2005,30,30,30,29
6126,9,2000,2005,30,30,30,30
6135,9,2000,2005,29,29,29,29
6019,10,2000,2005,31,31,31,31
6031,10,2000,2005,31,31,31,31
6069,10,2000,2005,31,31,31,31
6109,10,2000,2005,31,31,31,31
6116,10,2000,2005,31,31,31,31
6126,10,2000,2005,31,31,31,31
6135,10,2000,2005,31,31,31,31
6019,11,2000,2005,30,30,30,30
6031,11,2000,2005,30,30,30,30
6069,11,2000,2005,30,30,30,30
6109,11,2000,2005,30,30,30,30
6116,11,2000,2005,30,30,30,30
6126,11,2000,2005,30,30,30,30
6135,11,2000,2005,30,30,30,30
6019,12,2000,2005,31,31,31,31
6031,12,2000,2005,31,31,31,31
6069,12,2000,2005,31,31,31,31
6109,12,2000,2005,31,31,31,31
6116,12,2000,2005,31,31,31,31
6126,12,2000,2005,31,31,31,31
6135,12,2000,2005,31,31,31,31
6019,1,2000,2006,31,31,31,30
6031,1,2000,2006,31,31,31,30
6069,1,2000,2006,31,31,31,31
6109,1,2000,2006,31,31,31,30
6116,1,2000,2006,31,31,31,30
6126,1,2000,2006,31,31,31,30
6135,1,2000,2006,31,31,31,30
6019,2,2000,2006,28,28,28,28
6031,2,2000,2006,28,28,28,28
6069,2,2000,2006,28,28,28,28
6109,2,2000,2006,28,28,28,28
6116,2,2000,2006,28,28,28,28
6126,2,2000,2006,28,28,28,28
6135,2,2000,2006,24,24,24,24
6019,3,2000,2006,31,31,31,31
6031,3,2000,2006,31,31,31,31
6069,3,2000,2006,31,31,31,31
6109,3,2000,2006,31,31,31,31
6116,3,2000,2006,31,31,31,31
6126,3,2000,2006,31,31,31,31
6135,3,2000,2006,31,31,31,30
6019,4,2000,2006,30,30,30,30
6031,4,2000,2006,30,30,30,30
6069,4,2000,2006,30,30,30,30
6109,4,2000,2006,30,30,30,30
6116,4,2000,2006,30,30,30,30
6126,4,2000,2006,30,30,30,30
6135,4,2000,2006,30,30,30,30
6019,5,2000,2006,31,31,31,31
6031,5,2000,2006,31,31,31,31
6069,5,2000,2006,31,31,31,31
6109,5,2000,2006,31,31,31,31
6116,5,2000,2006,31,31,31,31
6126,5,2000,2006,31,31,31,31
6135,5,2000,2006,31,31,31,31
6019,6,2000,2006,30,30,30,30
6031,6,2000,2006,30,30,30,30
6069,6,2000,2006,30,30,30,30
6109,6,2000,2006,30,30,30,29
6116,6,2000,2006,30,30,30,30
6126,6,2000,2006,30,30,30,30
6135,6,2000,2006,30,30,30,30
6019,7,2000,2006,31,31,31,31
6031,7,2000,2006,31,31,31,31
6069,7,2000,2006,31,31,31,31
6109,7,2000,2006,31,31,31,26
6116,7,2000,2006,31,31,31,31
6126,7,2000,2006,31,31,31,31
6135,7,2000,2006,31,31,31,31
6019,8,2000,2006,31,31,31,31
6031,8,2000,2006,31,31,31,31
6069,8,2000,2006,31,31,31,31
6109,8,2000,2006,31,31,31,31
6116,8,2000,2006,10,10,10,9
6126,8,2000,2006,31,31,31,31
6135,8,2000,2006,31,31,31,31
6019,9,2000,2006,30,30,30,29
6031,9,2000,2006,30,30,30,30
6069,9,2000,2006,30,30,30,30
6109,9,2000,2006,30,30,30,30
6116,9,2000,2006,8,8,8,7
6126,9,2000,2006,29,29,29,30
6135,9,2000,2006,30,30,30,30
6019,10,2000,2006,31,31,31,31
6031,10,2000,2006,31,31,31,31
6069,10,2000,2006,31,31,31,31
6109,10,2000,2006,31,31,31,30
6116,10,2000,2006,31,31,31,31
6126,10,2000,2006,28,28,28,28
6135,10,2000,2006,31,31,31,30
6019,11,2000,2006,30,30,30,30
6031,11,2000,2006,30,30,30,30
6069,11,2000,2006,30,30,30,30
6109,11,2000,2006,30,30,30,30
6116,11,2000,2006,30,30,30,30
6126,11,2000,2006,30,30,30,30
6135,11,2000,2006,30,30,30,30
6019,12,2000,2006,31,31,31,26
6031,12,2000,2006,31,31,31,30
6069,12,2000,2006,31,30,30,31
6109,12,2000,2006,31,31,31,30
6116,12,2000,2006,31,31,31,31
6126,12,2000,2006,31,31,31,31
6135,12,2000,2006,31,31,31,31
6019,1,2000,2007,31,31,31,21
6031,1,2000,2007,31,31,31,30
6069,1,2000,2007,31,31,31,30
6109,1,2000,2007,31,31,31,29
6116,1,2000,2007,31,31,31,30
6126,1,2000,2007,31,31,31,30
6135,1,2000,2007,31,31,31,29
6019,2,2000,2007,28,28,28,28
6031,2,2000,2007,28,28,28,28
6069,2,2000,2007,28,28,28,28
6109,2,2000,2007,28,28,28,28
6116,2,2000,2007,18,28,28,27
6126,2,2000,2007,28,28,28,28
6135,2,2000,2007,28,28,28,28
6019,3,2000,2007,31,31,31,31
6031,3,2000,2007,31,31,31,31
6069,3,2000,2007,31,31,31,31
6109,3,2000,2007,31,31,31,31
6116,3,2000,2007,31,31,31,31
6126,3,2000,2007,29,29,29,29
6135,3,2000,2007,31,31,31,30
6019,4,2000,2007,30,30,30,30
6031,4,2000,2007,30,30,30,30
6069,4,2000,2007,30,30,30,30
6109,4,2000,2007,30,30,30,30
6116,4,2000,2007,30,30,30,30
6126,4,2000,2007,30,30,30,30
6135,4,2000,2007,30,30,30,30
6019,5,2000,2007,31,31,31,30
6031,5,2000,2007,28,28,28,27
6069,5,2000,2007,31,31,31,31
6109,5,2000,2007,31,31,31,31
6116,5,2000,2007,31,31,31,31
6126,5,2000,2007,31,31,31,31
6135,5,2000,2007,31,31,31,31
6019,6,2000,2007,30,30,30,30
6031,6,2000,2007,24,24,24,24
6069,6,2000,2007,30,30,30,30
6109,6,2000,2007,30,30,30,30
6116,6,2000,2007,30,30,30,30
6126,6,2000,2007,30,30,30,30
6135,6,2000,2007,30,30,30,29
6019,7,2000,2007,31,31,31,31
6031,7,2000,2007,29,29,29,30
6069,7,2000,2007,31,31,31,31
6109,7,2000,2007,31,31,31,31
6116,7,2000,2007,31,31,31,31
6126,7,2000,2007,26,31,31,31
6135,7,2000,2007,31,31,31,31
6019,8,2000,2007,31,31,31,31
6031,8,2000,2007,31,31,31,31
6069,8,2000,2007,31,31,31,31
6109,8,2000,2007,31,31,31,29
6116,8,2000,2007,31,31,31,31
6126,8,2000,2007,29,31,31,31
6135,8,2000,2007,31,31,31,31
6019,9,2000,2007,30,30,30,30
6031,9,2000,2007,30,30,30,30
6069,9,2000,2007,30,30,30,30
6109,9,2000,2007,30,30,30,29
6116,9,2000,2007,30,30,30,30
6126,9,2000,2007,30,30,30,30
6135,9,2000,2007,30,30,30,30
6019,10,2000,2007,31,31,31,31
6031,10,2000,2007,31,31,31,31
6069,10,2000,2007,31,31,31,31
6109,10,2000,2007,31,31,31,31
6116,10,2000,2007,31,31,31,31
6126,10,2000,2007,31,31,31,31
6135,10,2000,2007,31,31,31,31
6019,11,2000,2007,30,30,30,30
6031,11,2000,2007,30,30,30,30
6069,11,2000,2007,30,30,30,30
6109,11,2000,2007,30,30,30,30
6116,11,2000,2007,30,30,30,30
6126,11,2000,2007,30,30,30,30
6135,11,2000,2007,30,30,30,30
6019,12,2000,2007,31,31,31,31
6031,12,2000,2007,31,31,31,31
6069,12,2000,2007,31,31,31,31
6109,12,2000,2007,31,31,31,31
6116,12,2000,2007,31,31,31,31
6126,12,2000,2007,31,31,31,31
6135,12,2000,2007,31,31,31,31
6019,1,2000,2008,31,31,31,30
6031,1,2000,2008,31,31,31,30
6069,1,2000,2008,31,31,31,30
6109,1,2000,2008,31,31,31,27
6116,1,2000,2008,31,31,31,30
6126,1,2000,2008,31,31,31,30
6135,1,2000,2008,31,31,31,30
6019,2,2000,2008,29,29,29,29
6031,2,2000,2008,29,29,29,29
6069,2,2000,2008,29,29,29,29
6109,2,2000,2008,29,29,29,27
6116,2,2000,2008,29,29,29,29
6126,2,2000,2008,29,29,29,29
6135,2,2000,2008,29,29,29,29
6019,3,2000,2008,26,26,26,26
6031,3,2000,2008,31,31,31,31
6069,3,2000,2008,31,31,31,31
6109,3,2000,2008,31,31,31,31
6116,3,2000,2008,31,31,31,29
6126,3,2000,2008,31,31,31,31
6135,3,2000,2008,31,31,31,31
6019,4,2000,2008,30,30,30,30
6031,4,2000,2008,30,30,30,30
6069,4,2000,2008,30,30,30,30
6109,4,2000,2008,29,29,29,26
6116,4,2000,2008,30,30,30,30
6126,4,2000,2008,30,30,30,30
6135,4,2000,2008,30,30,30,30
6019,5,2000,2008,31,31,31,31
6031,5,2000,2008,31,31,31,31
6069,5,2000,2008,28,31,31,31
6109,5,2000,2008,27,27,27,22
6116,5,2000,2008,31,31,31,31
6126,5,2000,2008,31,31,31,31
6135,5,2000,2008,31,31,31,31
6019,6,2000,2008,30,30,30,30
6031,6,2000,2008,30,30,30,30
6069,6,2000,2008,30,30,30,30
6109,6,2000,2008,30,30,30,27
6116,6,2000,2008,30,30,30,30
6126,6,2000,2008,30,30,30,30
6135,6,2000,2008,30,30,30,30
6019,7,2000,2008,31,31,31,31
6031,7,2000,2008,31,31,31,11
6069,7,2000,2008,31,31,31,31
6109,7,2000,2008,29,29,29,24
6116,7,2000,2008,31,31,31,20
6126,7,2000,2008,31,31,31,31
6135,7,2000,2008,31,31,31,31
6019,8,2000,2008,31,31,31,31
6031,8,2000,2008,31,31,31,25
6069,8,2000,2008,31,31,31,31
6109,8,2000,2008,25,25,25,23
6116,8,2000,2008,31,31,31,26
6126,8,2000,2008,31,31,31,31
6135,8,2000,2008,31,31,31,31
6019,9,2000,2008,30,30,30,30
6031,9,2000,2008,30,30,30,30
6069,9,2000,2008,29,30,30,30
6109,9,2000,2008,30,30,30,30
6116,9,2000,2008,30,30,30,30
6126,9,2000,2008,30,30,30,30
6135,9,2000,2008,30,30,30,30
6019,10,2000,2008,31,31,31,31
6031,10,2000,2008,31,31,31,31
6069,10,2000,2008,31,31,31,31
6109,10,2000,2008,31,31,31,30
6116,10,2000,2008,31,31,31,31
6126,10,2000,2008,31,31,31,31
6135,10,2000,2008,31,31,31,31
6019,11,2000,2008,27,27,27,26
6031,11,2000,2008,30,30,30,30
6069,11,2000,2008,30,30,30,30
6109,11,2000,2008,30,30,30,30
6116,11,2000,2008,30,30,30,30
6126,11,2000,2008,30,30,30,30
6135,11,2000,2008,30,30,30,30
6019,12,2000,2008,31,31,31,31
6031,12,2000,2008,31,31,31,31
6069,12,2000,2008,30,30,30,29
6109,12,2000,2008,31,31,31,31
6116,12,2000,2008,31,31,31,31
6126,12,2000,2008,31,31,31,31
6135,12,2000,2008,31,31,31,31
6019,1,2000,2009,31,31,31,30
6031,1,2000,2009,31,31,31,30
6069,1,2000,2009,31,31,31,31
6109,1,2000,2009,31,31,31,30
6116,1,2000,2009,31,31,31,30
6126,1,2000,2009,31,31,31,30
6135,1,2000,2009,31,31,31,30
6019,2,2000,2009,28,28,28,28
6031,2,2000,2009,28,28,28,28
6069,2,2000,2009,27,27,27,28
6109,2,2000,2009,28,28,28,28
6116,2,2000,2009,28,28,28,28
6126,2,2000,2009,28,28,28,28
6135,2,2000,2009,28,28,28,28
6019,3,2000,2009,31,31,31,31
6031,3,2000,2009,31,31,31,31
6069,3,2000,2009,31,31,31,31
6109,3,2000,2009,31,31,31,31
6116,3,2000,2009,31,31,31,31
6126,3,2000,2009,31,31,31,31
6135,3,2000,2009,31,31,31,31
6019,4,2000,2009,30,30,30,30
6031,4,2000,2009,30,30,30,30
6069,4,2000,2009,30,19,19,18
6109,4,2000,2009,30,30,30,30
6116,4,2000,2009,30,30,30,30
6126,4,2000,2009,30,30,30,25
6135,4,2000,2009,30,30,30,30
6019,5,2000,2009,31,31,31,31
6031,5,2000,2009,31,31,31,31
6069,5,2000,2009,31,31,31,31
6109,5,2000,2009,31,31,31,31
6116,5,2000,2009,31,31,31,31
6126,5,2000,2009,31,31,31,26
6135,5,2000,2009,31,31,31,31
6019,6,2000,2009,30,30,30,30
6031,6,2000,2009,30,30,30,30
6069,6,2000,2009,30,30,30,30
6109,6,2000,2009,30,30,30,30
6116,6,2000,2009,30,30,30,30
6126,6,2000,2009,30,30,30,30
6135,6,2000,2009,30,30,30,30
6019,7,2000,2009,31,31,31,31
6031,7,2000,2009,31,31,31,31
6069,7,2000,2009,31,31,31,31
6109,7,2000,2009,31,31,31,31
6116,7,2000,2009,31,31,31,31
6126,7,2000,2009,31,31,31,31
6135,7,2000,2009,31,31,31,31
6019,8,2000,2009,31,31,31,31
6031,8,2000,2009,31,31,31,31
6069,8,2000,2009,31,29,29,31
6109,8,2000,2009,31,31,31,31
6116,8,2000,2009,31,31,31,31
6126,8,2000,2009,31,31,31,31
6135,8,2000,2009,31,31,31,31
6019,9,2000,2009,30,30,30,30
6031,9,2000,2009,30,30,30,29
6069,9,2000,2009,30,30,30,30
6109,9,2000,2009,30,30,30,30
6116,9,2000,2009,30,30,30,3
6126,9,2000,2009,30,30,30,30
6135,9,2000,2009,24,24,24,24
6019,10,2000,2009,31,31,31,31
6031,10,2000,2009,31,31,31,25
6069,10,2000,2009,31,31,31,31
6109,10,2000,2009,31,31,31,31
6116,10,2000,2009,31,31,31,16
6126,10,2000,2009,31,31,31,31
6135,10,2000,2009,31,31,31,31
6019,11,2000,2009,30,30,30,30
6031,11,2000,2009,30,30,30,30
6069,11,2000,2009,30,30,30,30
6109,11,2000,2009,30,30,30,30
6116,11,2000,2009,30,30,30,30
6126,11,2000,2009,30,17,17,29
6135,11,2000,2009,30,30,30,30
6019,12,2000,2009,31,31,31,7
6031,12,2000,2009,29,29,29,29
6069,12,2000,2009,31,31,31,31
6109,12,2000,2009,31,31,31,31
6116,12,2000,2009,31,31,31,31
6126,12,2000,2009,31,28,28,16
6135,12,2000,2009,31,31,31,31
6019,1,2010,2010,30,30,30,0
6031,1,2010,2010,30,30,30,28
6069,1,2010,2010,31,31,31,31
6109,1,2010,2010,30,30,30,28
6116,1,2010,2010,30,30,30,28
6126,1,2010,2010,30,30,30,3
6135,1,2010,2010,30,30,30,28
6019,2,2010,2010,28,28,28,18
6031,2,2010,2010,28,28,28,28
6069,2,2010,2010,28,28,28,28
6109,2,2010,2010,28,28,28,28
6116,2,2010,2010,28,28,28,28
6126,2,2010,2010,28,28,28,16
6135,2,2010,2010,28,28,28,28
6019,3,2010,2010,31,31,31,23
6031,3,2010,2010,31,31,31,31
6069,3,2010,2010,31,31,31,31
6109,3,2010,2010,31,31,31,31
6116,3,2010,2010,31,31,31,31
6126,3,2010,2010,31,31,31,0
6135,3,2010,2010,31,31,31,31
6019,4,2010,2010,30,30,30,2
6031,4,2010,2010,26,26,26,27
6069,4,2010,2010,30,30,30,30
6109,4,2010,2010,30,30,30,30
6116,4,2010,2010,30,30,30,30
6126,4,2010,2010,30,30,30,17
6135,4,2010,2010,30,30,30,30
6019,5,2010,2010,30,30,30,16
6031,5,2010,2010,30,30,30,29
6069,5,2010,2010,31,31,31,31
6109,5,2010,2010,30,30,30,19
6116,5,2010,2010,30,30,30,29
6126,5,2010,2010,30,30,30,29
6135,5,2010,2010,30,30,30,29
6019,6,2010,2010,30,30,30,30
6031,6,2010,2010,29,29,29,29
6069,6,2010,2010,30,30,30,30
6109,6,2010,2010,29,29,29,0
6116,6,2010,2010,30,30,30,30
6126,6,2010,2010,30,30,30,30
6135,6,2010,2010,30,30,30,30
6019,7,2010,2010,30,30,30,30
6031,7,2010,2010,31,31,31,30
6069,7,2010,2010,31,31,31,31
6109,7,2010,2010,31,31,31,31
6116,7,2010,2010,31,31,31,31
6126,7,2010,2010,31,31,31,31
6135,7,2010,2010,31,31,31,31
6019,8,2010,2010,31,31,31,30
6031,8,2010,2010,31,31,31,30
6069,8,2010,2010,31,31,31,31
6109,8,2010,2010,31,31,31,31
6116,8,2010,2010,31,31,31,30
6126,8,2010,2010,31,31,31,31
6135,8,2010,2010,31,31,31,30
6019,9,2010,2010,30,30,30,30
6031,9,2010,2010,30,30,30,30
6069,9,2010,2010,29,30,30,30
6109,9,2010,2010,30,30,30,30
6116,9,2010,2010,29,29,29,28
6126,9,2010,2010,28,28,28,28
6135,9,2010,2010,30,30,30,30
6019,10,2010,2010,31,31,31,31
6031,10,2010,2010,31,31,31,31
6069,10,2010,2010,31,31,31,31
6109,10,2010,2010,31,31,31,30
6116,10,2010,2010,31,31,31,31
6126,10,2010,2010,30,30,30,30
6135,10,2010,2010,31,31,31,30
6019,11,2010,2010,28,28,28,25
6031,11,2010,2010,29,29,29,28
6069,11,2010,2010,30,30,30,30
6109,11,2010,2010,29,29,29,28
6116,11,2010,2010,29,29,29,28
6126,11,2010,2010,29,29,29,28
6135,11,2010,2010,29,29,29,28
6019,12,2010,2010,29,29,29,27
6031,12,2010,2010,29,29,29,27
6069,12,2010,2010,31,31,31,31
6109,12,2010,2010,29,29,29,27
6116,12,2010,2010,29,29,29,25
6126,12,2010,2010,29,29,29,27
6135,12,2010,2010,29,29,29,27
6019,1,2010,2011,31,31,31,29
6031,1,2010,2011,31,31,31,29
6069,1,2010,2011,31,31,31,31
6109,1,2010,2011,31,31,31,29
6116,1,2010,2011,31,31,31,29
6126,1,2010,2011,31,31,31,29
6135,1,2010,2011,31,31,31,29
6019,2,2010,2011,27,27,27,26
6031,2,2010,2011,27,27,27,26
6069,2,2010,2011,28,28,28,28
6109,2,2010,2011,27,27,27,4
6116,2,2010,2011,27,27,27,26
6126,2,2010,2011,27,27,27,26
6135,2,2010,2011,27,27,27,26
6019,3,2010,2011,31,31,31,31
6031,3,2010,2011,26,26,26,26
6069,3,2010,2011,31,31,31,31
6109,3,2010,2011,31,31,31,8
6116,3,2010,2011,30,30,30,30
6126,3,2010,2011,31,31,31,31
6135,3,2010,2011,31,31,31,31
6019,4,2010,2011,29,29,29,28
6031,4,2010,2011,24,24,24,23
6069,4,2010,2011,30,30,30,30
6109,4,2010,2011,29,29,29,28
6116,4,2010,2011,23,23,23,17
6126,4,2010,2011,29,29,29,29
6135,4,2010,2011,29,29,29,29
6019,5,2010,2011,31,31,31,30
6031,5,2010,2011,31,31,31,30
6069,5,2010,2011,31,31,31,31
6109,5,2010,2011,31,31,31,30
6116,5,2010,2011,31,31,31,29
6126,5,2010,2011,31,31,31,30
6135,5,2010,2011,31,31,31,30
6019,6,2010,2011,30,30,30,29
6031,6,2010,2011,30,30,30,30
6069,6,2010,2011,30,30,30,30
6109,6,2010,2011,30,30,30,30
6116,6,2010,2011,24,24,24,21
6126,6,2010,2011,30,30,30,30
6135,6,2010,2011,30,30,30,18
6019,7,2010,2011,31,31,31,31
6031,7,2010,2011,31,31,31,31
6069,7,2010,2011,31,31,31,31
6109,7,2010,2011,31,31,31,31
6116,7,2010,2011,30,30,30,31
6126,7,2010,2011,31,31,31,28
6135,7,2010,2011,31,31,31,31
6019,8,2010,2011,30,30,30,30
6031,8,2010,2011,27,27,27,26
6069,8,2010,2011,31,31,31,31
6109,8,2010,2011,31,31,31,31
6116,8,2010,2011,31,31,31,30
6126,8,2010,2011,21,21,21,17
6135,8,2010,2011,31,31,31,31
6019,9,2010,2011,30,30,30,30
6031,9,2010,2011,30,30,30,30
6069,9,2010,2011,30,30,30,30
6109,9,2010,2011,30,30,30,30
6116,9,2010,2011,30,30,30,30
6126,9,2010,2011,28,28,28,21
6135,9,2010,2011,30,30,30,30
6019,10,2010,2011,31,31,31,31
6031,10,2010,2011,31,31,31,31
6069,10,2010,2011,31,31,31,31
6109,10,2010,2011,31,31,31,31
6116,10,2010,2011,31,31,31,30
6126,10,2010,2011,31,31,31,28
6135,10,2010,2011,31,31,31,31
6019,11,2010,2011,28,28,28,26
6031,11,2010,2011,28,28,28,26
6069,11,2010,2011,30,30,30,30
6109,11,2010,2011,28,28,28,26
6116,11,2010,2011,27,27,27,24
6126,11,2010,2011,28,28,28,20
6135,11,2010,2011,28,28,28,26
6019,12,2010,2011,30,30,30,27
6031,12,2010,2011,30,30,30,27
6069,12,2010,2011,26,26,26,25
6109,12,2010,2011,30,30,30,29
6116,12,2010,2011,27,27,27,22
6126,12,2010,2011,30,30,30,27
6135,12,2010,2011,30,30,30,28
6019,1,2010,2012,31,29,29,29
6031,1,2010,2012,31,31,31,29
6069,1,2010,2012,30,30,30,29
6109,1,2010,2012,31,31,31,29
6116,1,2010,2012,31,31,31,27
6126,1,2010,2012,31,31,31,27
6135,1,2010,2012,31,31,31,30
6019,2,2010,2012,29,29,29,28
6031,2,2010,2012,29,29,29,27
6069,2,2010,2012,29,29,29,29
6109,2,2010,2012,29,29,29,27
6116,2,2010,2012,28,28,28,24
6126,2,2010,2012,29,29,29,13
6135,2,2010,2012,29,29,29,29
6019,3,2010,2012,31,31,31,30
6031,3,2010,2012,31,31,31,31
6069,3,2010,2012,31,31,31,31
6109,3,2010,2012,31,31,31,31
6116,3,2010,2012,28,28,28,25
6126,3,2010,2012,31,31,31,31
6135,3,2010,2012,24,24,24,25
6019,4,2010,2012,30,30,30,30
6031,4,2010,2012,30,30,30,30
6069,4,2010,2012,30,30,30,30
6109,4,2010,2012,30,30,30,27
6116,4,2010,2012,30,30,30,30
6126,4,2010,2012,30,30,30,30
6135,4,2010,2012,30,30,30,30
6019,5,2010,2012,31,31,31,31
6031,5,2010,2012,31,31,31,31
6069,5,2010,2012,31,31,31,31
6109,5,2010,2012,31,31,31,30
6116,5,2010,2012,15,14,14,19
6126,5,2010,2012,31,31,31,31
6135,5,2010,2012,15,15,15,16
6019,6,2010,2012,30,30,30,30
6031,6,2010,2012,30,30,30,30
6069,6,2010,2012,30,30,30,30
6109,6,2010,2012,30,30,30,30
6116,6,2010,2012,28,28,28,25
6126,6,2010,2012,30,30,30,30
6135,6,2010,2012,30,30,30,30
6019,7,2010,2012,30,30,30,29
6031,7,2010,2012,28,28,28,28
6069,7,2010,2012,31,31,31,31
6109,7,2010,2012,30,30,30,29
6116,7,2010,2012,30,30,30,29
6126,7,2010,2012,30,30,30,29
6135,7,2010,2012,30,30,30,29
6019,8,2010,2012,31,31,31,30
6031,8,2010,2012,31,31,31,29
6069,8,2010,2012,31,31,31,31
6109,8,2010,2012,31,31,31,30
6116,8,2010,2012,30,30,30,28
6126,8,2010,2012,31,31,31,30
6135,8,2010,2012,31,31,31,30
6019,9,2010,2012,30,30,30,30
6031,9,2010,2012,30,30,30,30
6069,9,2010,2012,30,30,30,30
6109,9,2010,2012,30,30,30,30
6116,9,2010,2012,30,30,30,30
6126,9,2010,2012,30,30,30,30
6135,9,2010,2012,30,30,30,30
6019,10,2010,2012,27,27,27,26
6031,10,2010,2012,27,27,27,26
6069,10,2010,2012,31,31,31,31
6109,10,2010,2012,27,27,27,26
6116,10,2010,2012,27,27,27,26
6126,10,2010,2012,27,27,27,26
6135,10,2010,2012,27,27,27,26
6019,11,2010,2012,30,30,30,30
6031,11,2010,2012,30,30,30,30
6069,11,2010,2012,30,30,30,30
6109,11,2010,2012,30,30,30,30
6116,11,2010,2012,30,30,30,30
6126,11,2010,2012,30,30,30,30
6135,11,2010,2012,30,30,30,30
6019,12,2010,2012,31,31,31,31
6031,12,2010,2012,31,31,31,30
6069,12,2010,2012,31,31,31,31
6109,12,2010,2012,31,31,31,31
6116,12,2010,2012,31,31,31,31
6126,12,2010,2012,31,31,31,31
6135,12,2010,2012,31,31,31,31
6019,1,2010,2013,31,31,31,27
6031,1,2010,2013,31,31,31,29
6069,1,2010,2013,31,31,31,31
6109,1,2010,2013,31,31,31,28
6116,1,2010,2013,31,31,31,29
6126,1,2010,2013,31,31,31,29
6135,1,2010,2013,31,31,31,29
6019,2,2010,2013,28,28,28,28
6031,2,2010,2013,28,28,28,28
6069,2,2010,2013,28,28,28,28
6109,2,2010,2013,27,27,27,27
6116,2,2010,2013,28,28,28,28
6126,2,2010,2013,28,28,28,28
6135,2,2010,2013,28,28,28,28
6019,3,2010,2013,31,31,31,31
6031,3,2010,2013,31,31,31,31
6069,3,2010,2013,31,31,31,31
6109,3,2010,2013,31,31,31,31
6116,3,2010,2013,31,31,31,31
6126,3,2010,2013,31,31,31,31
6135,3,2010,2013,31,31,31,31
6019,4,2010,2013,30,30,30,29
6031,4,2010,2013,30,30,30,29
6069,4,2010,2013,30,30,30,30
6109,4,2010,2013,30,30,30,29
6116,4,2010,2013,30,30,30,29
6126,4,2010,2013,30,30,30,29
6135,4,2010,2013,30,30,30,29
6019,5,2010,2013,31,31,31,31
6031,5,2010,2013,31,31,31,31
6069,5,2010,2013,31,31,31,31
6109,5,2010,2013,31,31,31,31
6116,5,2010,2013,31,31,31,31
6126,5,2010,2013,31,31,31,31
6135,5,2010,2013,31,31,31,30
6019,6,2010,2013,30,30,30,30
6031,6,2010,2013,30,30,30,30
6069,6,2010,2013,30,30,30,30
6109,6,2010,2013,30,30,30,30
6116,6,2010,2013,30,30,30,28
6126,6,2010,2013,28,28,28,19
6135,6,2010,2013,30,30,30,30
6019,7,2010,2013,31,31,31,31
6031,7,2010,2013,31,31,31,31
6069,7,2010,2013,31,31,31,31
6109,7,2010,2013,31,31,31,31
6116,7,2010,2013,31,31,31,31
6126,7,2010,2013,31,31,31,0
6135,7,2010,2013,27,27,27,27
6019,8,2010,2013,31,31,31,31
6031,8,2010,2013,27,27,27,27
6069,8,2010,2013,31,31,31,31
6109,8,2010,2013,31,31,31,31
6116,8,2010,2013,31,31,31,31
6126,8,2010,2013,31,31,31,16
6135,8,2010,2013,31,31,31,31
6019,9,2010,2013,29,29,29,28
6031,9,2010,2013,29,29,29,28
6069,9,2010,2013,29,29,29,28
6109,9,2010,2013,29,29,29,28
6116,9,2010,2013,29,29,29,28
6126,9,2010,2013,29,29,29,28
6135,9,2010,2013,29,29,29,28
6019,10,2010,2013,29,29,29,28
6031,10,2010,2013,30,30,30,29
6069,10,2010,2013,31,31,31,31
6109,10,2010,2013,30,30,30,29
6116,10,2010,2013,30,30,30,29
6126,10,2010,2013,30,30,30,29
6135,10,2010,2013,30,30,30,29
6019,11,2010,2013,28,28,28,26
6031,11,2010,2013,28,28,28,26
6069,11,2010,2013,30,30,30,30
6109,11,2010,2013,16,16,16,14
6116,11,2010,2013,28,28,28,26
6126,11,2010,2013,28,28,28,26
6135,11,2010,2013,28,28,28,17
6019,12,2010,2013,30,30,30,29
6031,12,2010,2013,30,30,30,29
6069,12,2010,2013,31,31,31,31
6109,12,2010,2013,30,30,30,29
6116,12,2010,2013,3,3,3,4
6126,12,2010,2013,30,30,30,29
6135,12,2010,2013,30,30,30,25
601900,1,2010,2014,31,31,31,31
603100,1,2010,2014,31,31,31,31
606900,1,2010,2014,31,31,31,31
610900,1,2010,2014,31,31,31,31
611601,1,2010,2014,31,31,31,31
612600,1,2010,2014,31,31,31,31
613500,1,2010,2014,31,31,31,31
601900,2,2010,2014,28,28,28,28
603100,2,2010,2014,28,28,28,28
606900,2,2010,2014,28,28,28,28
610900,2,2010,2014,28,28,28,28
611601,2,2010,2014,28,28,28,28
612600,2,2010,2014,28,28,28,28
613500,2,2010,2014,28,28,28,28
601900,3,2010,2014,31,31,31,31
603100,3,2010,2014,31,31,31,31
606900,3,2010,2014,31,31,31,31
610900,3,2010,2014,31,31,31,31
611601,3,2010,2014,31,31,31,31
612600,3,2010,2014,31,31,31,31
613500,3,2010,2014,31,31,31,31
601900,4,2010,2014,30,30,30,30
603100,4,2010,2014,30,30,30,30
606900,4,2010,2014,30,30,30,30
610900,4,2010,2014,30,30,30,30
611601,4,2010,2014,30,30,30,30
612600,4,2010,2014,30,30,30,30
613500,4,2010,2014,30,30,30,30
601900,5,2010,2014,31,31,31,31
603100,5,2010,2014,31,31,31,31
606900,5,2010,2014,31,31,31,31
610900,5,2010,2014,31,31,31,31
611601,5,2010,2014,31,31,31,31
612600,5,2010,2014,31,31,31,31
613500,5,2010,2014,31,31,31,31
601900,6,2010,2014,30,30,30,30
603100,6,2010,2014,30,30,30,30
606900,6,2010,2014,30,30,30,30
610900,6,2010,2014,30,30,30,30
611601,6,2010,2014,30,30,30,30
612600,6,2010,2014,30,30,30,30
613500,6,2010,2014,30,30,30,30
601900,7,2010,2014,31,31,31,31
603100,7,2010,2014,31,31,31,31
606900,7,2010,2014,31,31,31,31
610900,7,2010,2014,31,31,31,31
611601,7,2010,2014,31,31,31,31
612600,7,2010,2014,31,31,31,31
613500,7,2010,2014,31,31,31,31
601900,8,2010,2014,31,31,31,31
603100,8,2010,2014,31,31,31,31
606900,8,2010,2014,31,31,31,31
610900,8,2010,2014,31,31,31,31
611601,8,2010,2014,31,31,31,31
612600,8,2010,2014,31,31,31,31
613500,8,2010,2014,31,31,31,31
601900,9,2010,2014,30,30,30,30
603100,9,2010,2014,30,30,30,30
606900,9,2010,2014,30,30,30,30
610900,9,2010,2014,30,30,30,30
611601,9,2010,2014,30,30,30,30
612600,9,2010,2014,30,30,30,30
613500,9,2010,2014,30,30,30,30
601900,10,2010,2014,31,31,31,31
603100,10,2010,2014,31,31,31,31
606900,10,2010,2014,31,31,31,31
610900,10,2010,2014,31,31,31,31
611601,10,2010,2014,31,31,31,31
612600,10,2010,2014,31,31,31,31
613500,10,2010,2014,31,31,31,31
601900,11,2010,2014,30,30,30,30
603100,11,2010,2014,30,30,30,30
606900,11,2010,2014,30,30,30,30
610900,11,2010,2014,30,30,30,30
611601,11,2010,2014,30,30,30,30
612600,11,2010,2014,30,30,30,30
613500,11,2010,2014,30,30,30,30
601900,12,2010,2014,31,31,31,31
603100,12,2010,2014,31,31,31,31
606900,12,2010,2014,31,31,31,31
610900,12,2010,2014,31,31,31,31
611601,12,2010,2014,31,31,31,31
612600,12,2010,2014,31,31,31,31
613500,12,2010,2014,31,31,31,31
601900,1,2010,2015,31,31,31,31
603100,1,2010,2015,31,31,31,31
606900,1,2010,2015,31,31,31,31
610900,1,2010,2015,31,31,31,31
611601,1,2010,2015,31,31,31,31
612600,1,2010,2015,31,31,31,31
613500,1,2010,2015,31,31,31,31
601900,2,2010,2015,28,28,28,28
603100,2,2010,2015,28,28,28,28
606900,2,2010,2015,28,28,28,28
610900,2,2010,2015,28,28,28,28
611601,2,2010,2015,28,28,28,28
612600,2,2010,2015,28,28,28,28
613500,2,2010,2015,28,28,28,28
601900,3,2010,2015,31,31,31,31
603100,3,2010,2015,31,31,31,31
606900,3,2010,2015,31,31,31,31
610900,3,2010,2015,31,31,31,31
611601,3,2010,2015,31,31,31,31
612600,3,2010,2015,31,31,31,31
613500,3,2010,2015,31,31,31,31
601900,4,2010,2015,30,30,30,30
603100,4,2010,2015,30,30,30,30
606900,4,2010,2015,30,30,30,30
610900,4,2010,2015,30,30,30,30
611601,4,2010,2015,30,30,30,30
612600,4,2010,2015,30,30,30,30
613500,4,2010,2015,30,30,30,30
601900,5,2010,2015,31,31,31,31
603100,5,2010,2015,31,31,31,31
606900,5,2010,2015,31,31,31,31
610900,5,2010,2015,31,31,31,31
611601,5,2010,2015,31,31,31,31
612600,5,2010,2015,31,31,31,31
613500,5,2010,2015,31,31,31,31
601900,6,2010,2015,30,30,30,30
603100,6,2010,2015,30,30,30,30
606900,6,2010,2015,30,30,30,30
610900,6,2010,2015,30,30,30,30
611601,6,2010,2015,30,30,30,30
612600,6,2010,2015,30,30,30,30
613500,6,2010,2015,30,30,30,30
601900,7,2010,2015,31,31,31,31
603100,7,2010,2015,31,31,31,31
606900,7,2010,2015,31,31,31,31
610900,7,2010,2015,31,31,31,31
611601,7,2010,2015,31,31,31,31
612600,7,2010,2015,31,31,31,31
613500,7,2010,2015,31,31,31,31
601900,8,2010,2015,31,31,31,31
603100,8,2010,2015,31,31,31,31
606900,8,2010,2015,31,31,31,31
610900,8,2010,2015,31,31,31,31
611601,8,2010,2015,31,31,31,31
612600,8,2010,2015,31,31,31,31
613500,8,2010,2015,31,31,31,31
601900,9,2010,2015,30,30,30,30
603100,9,2010,2015,30,30,30,30
606900,9,2010,2015,30,30,30,30
610900,9,2010,2015,30,30,30,30
611601,9,2010,2015,30,30,30,30
612600,9,2010,2015,30,30,30,30
613500,9,2010,2015,30,30,30,30
601900,10,2010,2015,31,31,31,31
603100,10,2010,2015,31,31,31,31
606900,10,2010,2015,31,31,31,31
610900,10,2010,2015,31,31,31,31
611601,10,2010,2015,31,31,31,31
612600,10,2010,2015,31,31,31,31
613500,10,2010,2015,31,31,31,31
601900,11,2010,2015,30,30,30,30
603100,11,2010,2015,30,30,30,30
606900,11,2010,2015,30,30,30,30
610900,11,2010,2015,30,30,30,30
611601,11,2010,2015,30,30,30,30
612600,11,2010,2015,30,30,30,30
613500,11,2010,2015,30,30,30,30
601900,12,2010,2015,31,31,31,31
603100,12,2010,2015,31,31,31,31
606900,12,2010,2015,31,31,31,31
610900,12,2010,2015,31,31,31,31
611601,12,2010,2015,31,31,31,31
612600,12,2010,2015,31,31,31,31
613500,12,2010,2015,31,31,31,31
601900,1,2010,2016,31,31,31,31
603100,1,2010,2016,31,31,31,31
606900,1,2010,2016,31,31,31,31
610900,1,2010,2016,31,31,31,31
611601,1,2010,2016,31,31,31,31
612600,1,2010,2016,31,31,31,31
613500,1,2010,2016,31,31,31,31
601900,2,2010,2016,29,29,29,29
603100,2,2010,2016,29,29,29,29
606900,2,2010,2016,29,29,29,29
610900,2,2010,2016,29,29,29,29
611601,2,2010,2016,29,29,29,29
612600,2,2010,2016,29,29,29,29
613500,2,2010,2016,29,29,29,29
601900,3,2010,2016,31,31,31,31
603100,3,2010,2016,31,31,31,31
606900,3,2010,2016,31,31,31,31
610900,3,2010,2016,31,31,31,31
611601,3,2010,2016,31,31,31,31
612600,3,2010,2016,31,31,31,31
613500,3,2010,2016,31,31,31,31
601900,4,2010,2016,30,30,30,30
603100,4,2010,2016,30,30,30,30
606900,4,2010,2016,30,30,30,30
610900,4,2010,2016,30,30,30,30
611601,4,2010,2016,30,30,30,30
612600,4,2010,2016,30,30,30,30
613500,4,2010,2016,30,30,30,30
601900,5,2010,2016,31,31,31,31
603100,5,2010,2016,31,31,31,31
606900,5,2010,2016,31,31,31,31
610900,5,2010,2016,31,31,31,31
611601,5,2010,2016,31,31,31,31
612600,5,2010,2016,31,31,31,31
613500,5,2010,2016,31,31,31,31
601900,6,2010,2016,30,30,30,30
603100,6,2010,2016,30,30,30,30
606900,6,2010,2016,30,30,30,30
610900,6,2010,2016,30,30,30,30
611601,6,2010,2016,30,30,30,30
612600,6,2010,2016,30,30,30,30
613500,6,2010,2016,30,30,30,30
601900,7,2010,2016,31,31,31,31
603100,7,2010,2016,31,31,31,31
606900,7,2010,2016,31,31,31,31
610900,7,2010,2016,31,31,31,31
611601,7,2010,2016,31,31,31,31
612600,7,2010,2016,31,31,31,31
613500,7,2010,2016,31,31,31,31
601900,8,2010,2016,31,31,31,31
603100,8,2010,2016,31,31,31,31
606900,8,2010,2016,31,31,31,31
610900,8,2010,2016,31,31,31,31
611601,8,2010,2016,31,31,31,31
612600,8,2010,2016,31,31,31,31
613500,8,2010,2016,31,31,31,31
601900,9,2010,2016,30,30,30,30
603100,9,2010,2016,30,30,30,30
606900,9,2010,2016,30,30,30,30
610900,9,2010,2016,30,30,30,30
611601,9,2010,2016,30,30,30,30
612600,9,2010,2016,30,30,30,30
613500,9,2010,2016,30,30,30,30
601900,10,2010,2016,31,31,31,31
603100,10,2010,2016,31,31,31,31
606900,10,2010,2016,31,31,31,31
610900,10,2010,2016,31,31,31,31
611601,10,2010,2016,31,31,31,31
612600,10,2010,2016,31,31,31,31
613500,10,2010,2016,31,31,31,31
601900,11,2010,2016,30,30,30,30
603100,11,2010,2016,30,30,30,30
606900,11,2010,2016,30,30,30,30
610900,11,2010,2016,30,30,30,30
611601,11,2010,2016,30,30,30,30
612600,11,2010,2016,30,30,30,30
613500,11,2010,2016,30,30,30,30
601900,12,2010,2016,31,31,31,31
603100,12,2010,2016,31,31,31,31
606900,12,2010,2016,31,31,31,31
610900,12,2010,2016,31,31,31,31
611601,12,2010,2016,31,31,31,31
612600,12,2010,2016,31,31,31,31
613500,12,2010,2016,31,31,31,31
601900,1,2010,2017,31,31,31,31
603100,1,2010,2017,31,31,31,31
606900,1,2010,2017,31,31,31,31
610900,1,2010,2017,31,31,31,31
611601,1,2010,2017,31,31,31,31
612600,1,2010,2017,31,31,31,31
613500,1,2010,2017,31,31,31,31
601900,2,2010,2017,28,28,28,28
603100,2,2010,2017,28,28,28,28
606900,2,2010,2017,28,28,28,28
610900,2,2010,2017,28,28,28,28
611601,2,2010,2017,28,28,28,28
612600,2,2010,2017,28,28,28,28
613500,2,2010,2017,28,28,28,28
601900,3,2010,2017,31,31,31,31
603100,3,2010,2017,31,31,31,31
606900,3,2010,2017,31,31,31,31
610900,3,2010,2017,31,31,31,31
611601,3,2010,2017,31,31,31,31
612600,3,2010,2017,31,31,31,31
613500,3,2010,2017,31,31,31,31
601900,4,2010,2017,30,30,30,30
603100,4,2010,2017,30,30,30,30
606900,4,2010,2017,30,30,30,30
610900,4,2010,2017,30,30,30,30
611601,4,2010,2017,30,30,30,30
612600,4,2010,2017,30,30,30,30
613500,4,2010,2017,30,30,30,30
601900,5,2010,2017,31,31,31,31
603100,5,2010,2017,31,31,31,31
606900,5,2010,2017,31,31,31,31
610900,5,2010,2017,31,31,31,31
611601,5,2010,2017,31,31,31,31
612600,5,2010,2017,31,31,31,31
613500,5,2010,2017,31,31,31,31
601900,6,2010,2017,30,30,30,30
603100,6,2010,2017,30,30,30,30
606900,6,2010,2017,30,30,30,30
610900,6,2010,2017,30,30,30,30
611601,6,2010,2017,30,30,30,30
612600,6,2010,2017,30,30,30,30
613500,6,2010,2017,30,30,30,30
601900,7,2010,2017,31,31,31,31
603100,7,2010,2017,31,31,31,31
606900,7,2010,2017,31,31,31,31
610900,7,2010,2017,31,31,31,31
611601,7,2010,2017,31,31,31,31
612600,7,2010,2017,31,31,31,31
613500,7,2010,2017,31,31,31,31
601900,8,2010,2017,31,31,31,31
603100,8,2010,2017,31,31,31,31
606900,8,2010,2017,31,31,31,31
610900,8,2010,2017,31,31,31,31
611601,8,2010,2017,31,31,31,31
612600,8,2010,2017,31,31,31,31
613500,8,2010,2017,31,31,31,31
601900,9,2010,2017,30,30,30,30
603100,9,2010,2017,30,30,30,30
606900,9,2010,2017,30,30,30,30
610900,9,2010,2017,30,30,30,30
611601,9,2010,2017,30,30,30,30
612600,9,2010,2017,30,30,30,30
613500,9,2010,2017,30,30,30,30
601900,10,2010,2017,31,31,31,31
603100,10,2010,2017,31,31,31,31
606900,10,2010,2017,31,31,31,31
610900,10,2010,2017,31,31,31,31
611601,10,2010,2017,31,31,31,31
612600,10,2010,2017,31,31,31,31
613500,10,2010,2017,31,31,31,31
601900,11,2010,2017,30,30,30,30
603100,11,2010,2017,30,30,30,30
606900,11,2010,2017,30,30,30,30
610900,11,2010,2017,30,30,30,30
611601,11,2010,2017,30,30,30,30
612600,11,2010,2017,30,30,30,30
613500,11,2010,2017,30,30,30,30
601900,12,2010,2017,31,31,31,31
603100,12,2010,2017,31,31,31,31
606900,12,2010,2017,31,31,31,31
610900,12,2010,2017,31,31,31,31
611601,12,2010,2017,31,31,31,31
612600,12,2010,2017,31,31,31,31
613500,12,2010,2017,31,31,31,31
601900,1,2010,2018,31,31,31,31
603100,1,2010,2018,31,31,31,31
606900,1,2010,2018,31,31,31,31
610900,1,2010,2018,31,31,31,31
611601,1,2010,2018,31,31,31,31
612600,1,2010,2018,31,31,31,31
613500,1,2010,2018,31,31,31,31
601900,2,2010,2018,28,28,28,28
603100,2,2010,2018,28,28,28,28
606900,2,2010,2018,28,28,28,28
610900,2,2010,2018,28,28,28,28
611601,2,2010,2018,28,28,28,28
612600,2,2010,2018,28,28,28,28
613500,2,2010,2018,28,28,28,28
601900,3,2010,2018,31,31,31,31
603100,3,2010,2018,31,31,31,31
606900,3,2010,2018,31,31,31,31
610900,3,2010,2018,31,31,31,31
611601,3,2010,2018,31,31,31,31
612600,3,2010,2018,31,31,31,31
613500,3,2010,2018,31,31,31,31
601900,4,2010,2018,30,30,30,30
603100,4,2010,2018,30,30,30,30
606900,4,2010,2018,30,30,30,30
610900,4,2010,2018,30,30,30,30
611601,4,2010,2018,30,30,30,30
612600,4,2010,2018,30,30,30,30
613500,4,2010,2018,30,30,30,30
601900,5,2010,2018,31,31,31,31
603100,5,2010,2018,31,31,31,31
606900,5,2010,2018,31,31,31,31
610900,5,2010,2018,31,31,31,31
611601,5,2010,2018,31,31,31,31
612600,5,2010,2018,31,31,31,31
613500,5,2010,2018,31,31,31,31
601900,6,2010,2018,30,30,30,30
603100,6,2010,2018,30,30,30,30
606900,6,2010,2018,30,30,30,30
610900,6,2010,2018,30,30,30,30
611601,6,2010,2018,30,30,30,30
612600,6,2010,2018,30,30,30,30
613500,6,2010,2018,30,30,30,30
601900,7,2010,2018,31,31,31,31
603100,7,2010,2018,31,31,31,31
606900,7,2010,2018,31,31,31,31
610900,7,2010,2018,31,31,31,31
611601,7,2010,2018,31,31,31,31
612600,7,2010,2018,31,31,31,31
613500,7,2010,2018,31,31,31,31
601900,8,2010,2018,31,31,31,31
603100,8,2010,2018,31,31,31,31
606900,8,2010,2018,31,31,31,31
610900,8,2010,2018,31,31,31,31
611601,8,2010,2018,31,31,31,31
612600,8,2010,2018,31,31,31,31
613500,8,2010,2018,31,31,31,31
601900,9,2010,2018,30,30,30,30
603100,9,2010,2018,30,30,30,30
606900,9,2010,2018,30,30,30,30
610900,9,2010,2018,30,30,30,30
611601,9,2010,2018,30,30,30,30
612600,9,2010,2018,30,30,30,30
613500,9,2010,2018,30,30,30,30
601900,10,2010,2018,31,31,31,31
603100,10,2010,2018,31,31,31,31
606900,10,2010,2018,31,31,31,31
610900,10,2010,2018,31,31,31,31
611601,10,2010,2018,31,31,31,31
612600,10,2010,2018,31,31,31,31
613500,10,2010,2018,31,31,31,31
601900,11,2010,2018,30,30,30,30
603100,11,2010,2018,30,30,30,30
606900,11,2010,2018,30,30,30,30
610900,11,2010,2018,30,30,30,30
611601,11,2010,2018,30,30,30,30
612600,11,2010,2018,30,30,30,30
613500,11,2010,2018,30,30,30,30
601900,12,2010,2018,31,31,31,31
603100,12,2010,2018,31,31,31,31
606900,12,2010,2018,31,31,31,31
610900,12,2010,2018,31,31,31,31
611601,12,2010,2018,31,31,31,31
612600,12,2010,2018,31,31,31,31
613500,12,2010,2018,31,31,31,31
601900,1,2010,2019,31,31,31,31
603100,1,2010,2019,31,31,31,31
606900,1,2010,2019,31,31,31,31
610900,1,2010,2019,31,31,31,31
611601,1,2010,2019,31,31,31,31
612600,1,2010,2019,31,31,31,31
613500,1,2010,2019,31,31,31,31
601900,2,2010,2019,28,28,28,28
603100,2,2010,2019,28,28,28,28
606900,2,2010,2019,28,28,28,28
610900,2,2010,2019,28,28,28,28
611601,2,2010,2019,28,28,28,28
612600,2,2010,2019,28,28,28,28
613500,2,2010,2019,28,28,28,28
601900,3,2010,2019,31,31,31,31
603100,3,2010,2019,31,31,31,31
606900,3,2010,2019,31,31,31,31
610900,3,2010,2019,31,31,31,31
611601,3,2010,2019,31,31,31,31
612600,3,2010,2019,31,31,31,31
613500,3,2010,2019,31,31,31,31
601900,4,2010,2019,30,30,30,30
603100,4,2010,2019,30,30,30,30
606900,4,2010,2019,30,30,30,30
610900,4,2010,2019,30,30,30,30
611601,4,2010,2019,30,30,30,30
612600,4,2010,2019,30,30,30,30
613500,4,2010,2019,30,30,30,30
601900,5,2010,2019,31,31,31,31
603100,5,2010,2019,31,31,31,31
606900,5,2010,2019,31,31,31,31
610900,5,2010,2019,31,31,31,31
611601,5,2010,2019,31,31,31,31
612600,5,2010,2019,31,31,31,31
613500,5,2010,2019,31,31,31,31
601900,6,2010,2019,30,30,30,30
603100,6,2010,2019,30,30,30,30
606900,6,2010,2019,30,30,30,30
610900,6,2010,2019,30,30,30,30
611601,6,2010,2019,30,30,30,30
612600,6,2010,2019,30,30,30,30
613500,6,2010,2019,30,30,30,30
601900,7,2010,2019,31,31,31,31
603100,7,2010,2019,31,31,31,31
606900,7,2010,2019,31,31,31,31
610900,7,2010,2019,31,31,31,31
611601,7,2010,2019,31,31,31,31
612600,7,2010,2019,31,31,31,31
613500,7,2010,2019,31,31,31,31
601900,8,2010,2019,31,31,31,31
603100,8,2010,2019,31,31,31,31
606900,8,2010,2019,31,31,31,31
610900,8,2010,2019,31,31,31,31
611601,8,2010,2019,31,31,31,31
612600,8,2010,2019,31,31,31,31
613500,8,2010,2019,31,31,31,31
601900,9,2010,2019,30,30,30,30
603100,9,2010,2019,30,30,30,30
606900,9,2010,2019,30,30,30,30
610900,9,2010,2019,30,30,30,30
611601,9,2010,2019,30,30,30,30
612600,9,2010,2019,30,30,30,30
613500,9,2010,2019,30,30,30,30
601900,10,2010,2019,31,31,31,31
603100,10,2010,2019,31,31,31,31
606900,10,2010,2019,31,31,31,31
610900,10,2010,2019,31,31,31,31
611601,10,2010,2019,31,31,31,31
612600,10,2010,2019,31,31,31,31
613500,10,2010,2019,31,31,31,31
601900,11,2010,2019,30,30,30,30
603100,11,2010,2019,30,30,30,30
606900,11,2010,2019,30,30,30,30
610900,11,2010,2019,30,30,30,30
611601,11,2010,2019,30,30,30,30
612600,11,2010,2019,30,30,30,30
613500,11,2010,2019,30,30,30,30
601900,12,2010,2019,31,31,31,31
603100,12,2010,2019,31,31,31,31
606900,12,2010,2019,31,31,31,31
610900,12,2010,2019,31,31,31,31
611601,12,2010,2019,31,31,31,31
612600,12,2010,2019,31,31,31,31
613500,12,2010,2019,31,31,31,31
601900,1,2020,2020,31,31,31,31
603100,1,2020,2020,31,31,31,31
606900,1,2020,2020,31,31,31,31
610900,1,2020,2020,31,31,31,31
611601,1,2020,2020,31,31,31,31
612600,1,2020,2020,31,31,31,31
613500,1,2020,2020,31,31,31,31
601900,2,2020,2020,29,29,29,29
603100,2,2020,2020,29,29,29,29
606900,2,2020,2020,29,29,29,29
610900,2,2020,2020,29,29,29,29
611601,2,2020,2020,29,29,29,29
612600,2,2020,2020,29,29,29,29
613500,2,2020,2020,29,29,29,29
601900,3,2020,2020,31,31,31,31
603100,3,2020,2020,31,31,31,31
606900,3,2020,2020,31,31,31,31
610900,3,2020,2020,31,31,31,31
611601,3,2020,2020,31,31,31,31
612600,3,2020,2020,31,31,31,31
613500,3,2020,2020,31,31,31,31
601900,4,2020,2020,30,30,30,30
603100,4,2020,2020,30,30,30,30
606900,4,2020,2020,30,30,30,30
610900,4,2020,2020,30,30,30,30
611601,4,2020,2020,30,30,30,30
612600,4,2020,2020,30,30,30,30
613500,4,2020,2020,30,30,30,30
601900,5,2020,2020,31,31,31,31
603100,5,2020,2020,31,31,31,31
606900,5,2020,2020,31,31,31,31
610900,5,2020,2020,31,31,31,31
611601,5,2020,2020,31,31,31,31
612600,5,2020,2020,31,31,31,31
613500,5,2020,2020,31,31,31,31
601900,6,2020,2020,30,30,30,30
603100,6,2020,2020,30,30,30,30
606900,6,2020,2020,30,30,30,30
610900,6,2020,2020,30,30,30,30
611601,6,2020,2020,30,30,30,30
612600,6,2020,2020,30,30,30,30
613500,6,2020,2020,30,30,30,30
601900,7,2020,2020,31,31,31,31
603100,7,2020,2020,31,31,31,31
606900,7,2020,2020,31,31,31,31
610900,7,2020,2020,31,31,31,31
611601,7,2020,2020,31,31,31,31
612600,7,2020,2020,31,31,31,31
613500,7,2020,2020,31,31,31,31
601900,8,2020,2020,31,31,31,31
603100,8,2020,2020,31,31,31,31
606900,8,2020,2020,31,31,31,31
610900,8,2020,2020,31,31,31,31
611601,8,2020,2020,31,31,31,31
612600,8,2020,2020,31,31,31,31
613500,8,2020,2020,31,31,31,31
601900,9,2020,2020,30,30,30,30
603100,9,2020,2020,30,30,30,30
606900,9,2020,2020,30,30,30,30
610900,9,2020,2020,30,30,30,30
611601,9,2020,2020,30,30,30,30
612600,9,2020,2020,30,30,30,30
613500,9,2020,2020,30,30,30,30
601900,10,2020,2020,31,31,31,31
603100,10,2020,2020,31,31,31,31
606900,10,2020,2020,31,31,31,31
610900,10,2020,2020,31,31,31,31
611601,10,2020,2020,31,31,31,31
612600,10,2020,2020,31,31,31,31
613500,10,2020,2020,31,31,31,31
601900,11,2020,2020,30,30,30,30
603100,11,2020,2020,30,30,30,30
606900,11,2020,2020,30,30,30,30
610900,11,2020,2020,30,30,30,30
611601,11,2020,2020,30,30,30,30
612600,11,2020,2020,30,30,30,30
613500,11,2020,2020,30,30,30,30
601900,12,2020,2020,31,31,31,31
603100,12,2020,2020,31,31,31,31
606900,12,2020,2020,31,31,31,31
610900,12,2020,2020,31,31,31,31
611601,12,2020,2020,31,31,31,31
612600,12,2020,2020,31,31,31,31
613500,12,2020,2020,31,31,31,31
601900,1,2020,2021,31,31,31,31
603100,1,2020,2021,31,31,31,31
606900,1,2020,2021,31,31,31,31
610900,1,2020,2021,31,31,31,31
611601,1,2020,2021,31,31,31,31
612600,1,2020,2021,31,31,31,31
613500,1,2020,2021,31,31,31,31
601900,2,2020,2021,28,28,28,28
603100,2,2020,2021,28,28,28,28
606900,2,2020,2021,28,28,28,28
610900,2,2020,2021,28,28,28,28
611601,2,2020,2021,28,28,28,28
612600,2,2020,2021,28,28,28,28
613500,2,2020,2021,28,28,28,28
601900,3,2020,2021,31,31,31,31
603100,3,2020,2021,31,31,31,31
606900,3,2020,2021,31,31,31,31
610900,3,2020,2021,31,31,31,31
611601,3,2020,2021,31,31,31,31
612600,3,2020,2021,31,31,31,31
613500,3,2020,2021,31,31,31,31
601900,4,2020,2021,30,30,30,30
603100,4,2020,2021,30,30,30,30
606900,4,2020,2021,30,30,30,30
610900,4,2020,2021,30,30,30,30
611601,4,2020,2021,30,30,30,30
612600,4,2020,2021,30,30,30,30
613500,4,2020,2021,30,30,30,30
601900,5,2020,2021,31,31,31,31
603100,5,2020,2021,31,31,31,31
606900,5,2020,2021,31,31,31,31
610900,5,2020,2021,31,31,31,31
611601,5,2020,2021,31,31,31,31
612600,5,2020,2021,31,31,31,31
613500,5,2020,2021,31,31,31,31
601900,6,2020,2021,30,30,30,30
603100,6,2020,2021,30,30,30,30
606900,6,2020,2021,30,30,30,30
610900,6,2020,2021,30,30,30,30
611601,6,2020,2021,30,30,30,30
612600,6,2020,2021,30,30,30,30
613500,6,2020,2021,30,30,30,30
601900,7,2020,2021,31,31,31,31
603100,7,2020,2021,31,31,31,31
606900,7,2020,2021,31,31,31,31
610900,7,2020,2021,31,31,31,31
611601,7,2020,2021,31,31,31,31
612600,7,2020,2021,31,31,31,31
613500,7,2020,2021,31,31,31,31
601900,8,2020,2021,31,31,31,31
603100,8,2020,2021,31,31,31,31
606900,8,2020,2021,31,31,31,31
610900,8,2020,2021,31,31,31,31
611601,8,2020,2021,31,31,31,31
612600,8,2020,2021,31,31,31,31
613500,8,2020,2021,31,31,31,31
601900,9,2020,2021,30,30,30,30
603100,9,2020,2021,30,30,30,30
606900,9,2020,2021,30,30,30,30
610900,9,2020,2021,30,30,30,30
611601,9,2020,2021,30,30,30,30
612600,9,2020,2021,30,30,30,30
613500,9,2020,2021,30,30,30,30
601900,10,2020,2021,31,31,31,31
603100,10,2020,2021,31,31,31,31
606900,10,2020,2021,31,31,31,31
610900,10,2020,2021,31,31,31,31
611601,10,2020,2021,31,31,31,31
612600,10,2020,2021,31,31,31,31
613500,10,2020,2021,31,31,31,31
