"station","variable","decade","month","nd","ndt","mn1","s"
"6019","temp","1980",1,93,93,1.52365591397849,5.24970802189041
"6019","temp","1980",2,85,85,2.28941176470588,2.6854556911086
"6019","temp","1980",3,93,93,1.48279569892473,4.07776642975459
"6019","temp","1980",4,90,90,5.40444444444444,2.70849313847175
"6019","temp","1980",5,93,93,10.2172043010753,2.9002857301485
"6019","temp","1980",6,90,90,12.9033333333333,2.99885558696325
"6019","temp","1980",7,93,93,15.1239247311828,2.06304476988113
"6019","temp","1980",8,93,93,13.9836021505376,1.46923382236387
"6019","temp","1980",9,90,90,12.4377777777778,1.66300308956572
"6019","temp","1980",10,93,93,9.16989247311828,2.07295131689708
"6019","temp","1980",11,90,90,5.17777777777778,2.88497766539668
"6019","temp","1980",12,93,93,3.63333333333333,2.96989728022241
"6019","temp","1990",1,310,310,1.77483870967742,3.38960133689674
"6019","temp","1990",2,282,282,1.95992907801418,3.57784662497158
"6019","temp","1990",3,310,310,3.20322580645161,2.52993519378832
"6019","temp","1990",4,300,300,6.09866666666667,2.76867297739212
"6019","temp","1990",5,310,310,10.0890322580645,3.12476417734276
"6019","temp","1990",6,300,300,12.964,2.4532083967994
"6019","temp","1990",7,310,310,15.4648387096774,2.68713026624173
"6019","temp","1990",8,310,310,16.0374193548387,2.71931003021003
"6019","temp","1990",9,300,300,12.662,2.24620586827557
"6019","temp","1990",10,310,310,8.6158064516129,2.64055534292544
"6019","temp","1990",11,300,300,4.53466666666667,2.91183691213958
"6019","temp","1990",12,310,310,2.38741935483871,3.30920581966516
"6019","temp","2000",1,310,310,2.45693548387097,3.40696392697482
"6019","temp","2000",2,283,283,1.84770318021201,2.99501122262377
"6019","temp","2000",3,310,310,3.01064516129032,2.94484863483614
"6019","temp","2000",4,300,300,7.27166666666667,2.65976409461797
"6019","temp","2000",5,310,310,10.9377419354839,2.43709760223738
"6019","temp","2000",6,300,300,13.7231666666667,2.79033897778125
"6019","temp","2000",7,310,310,16.2729032258065,2.51000095868725
"6019","temp","2000",8,310,310,16.6835483870968,2.39880370452888
"6019","temp","2000",9,300,300,13.769,2.06870429452689
"6019","temp","2000",10,310,310,9.67161290322581,2.67409373908233
"6019","temp","2000",11,300,300,6.19933333333333,2.58260509029098
"6019","temp","2000",12,310,310,3.37129032258064,3.44453719930294
"6019","temp","2010",1,280,280,1.48660714285714,3.37364988356325
"6019","temp","2010",2,254,254,1.26673228346457,3.6988040946252
"6019","temp","2010",3,279,279,3.78924731182796,2.69669911596939
"6019","temp","2010",4,270,270,7.0537037037037,2.60912845359266
"6019","temp","2010",5,279,279,10.7408602150538,3.25569462001692
"6019","temp","2010",6,270,270,13.7148148148148,2.24381905314892
"6019","temp","2010",7,279,279,16.1482078853047,2.71718756944814
"6019","temp","2010",8,279,279,15.9795698924731,1.89185450904842
"6019","temp","2010",9,270,270,13.6603703703704,2.08870743453319
"6019","temp","2010",10,279,279,9.7831541218638,2.34413305934241
"6019","temp","2010",11,270,270,5.78851851851852,3.11389105455791
"6019","temp","2010",12,279,279,3.41146953405018,3.83210749232085
"6019","temp","2020",1,1,1,5.9,NA
"6019","wv","1980",1,62,93,7.1258064516129,2.52910503731928
"6019","wv","1980",2,57,85,7.59122807017544,2.83934604529146
"6019","wv","1980",3,62,93,6.16129032258065,2.30390650700491
"6019","wv","1980",4,60,90,5.82166666666667,2.10028986431023
"6019","wv","1980",5,62,93,5.6258064516129,1.72939252898292
"6019","wv","1980",6,60,90,4.36333333333333,1.47785537085844
"6019","wv","1980",7,62,93,5.20645161290323,2.05113890536348
"6019","wv","1980",8,62,93,5.76612903225806,2.0706333511467
"6019","wv","1980",9,72,90,5.48888888888889,2.10221583670663
"6019","wv","1980",10,93,93,6.06344086021505,2.34399255017349
"6019","wv","1980",11,90,90,5.57111111111111,2.4367156217383
"6019","wv","1980",12,93,93,6.51290322580645,2.80667782132308
"6019","wv","1990",1,310,310,6.87645161290323,3.19214149176949
"6019","wv","1990",2,282,282,7.5354609929078,2.90859897671883
"6019","wv","1990",3,310,310,6.95870967741936,2.7303943572057
"6019","wv","1990",4,300,300,6.041,2.45100873370721
"6019","wv","1990",5,310,310,5.40838709677419,2.21473309849462
"6019","wv","1990",6,300,300,5.495,2.08354157264736
"6019","wv","1990",7,310,310,5.14354838709677,2.1723193105461
"6019","wv","1990",8,310,310,5.09387096774194,1.91138503031332
"6019","wv","1990",9,300,300,5.7755,2.34073186608298
"6019","wv","1990",10,310,310,5.54774193548387,2.83452673478481
"6019","wv","1990",11,300,300,6.17433333333333,2.47373653887558
"6019","wv","1990",12,310,310,6.45322580645161,3.00526300708053
"6019","wv","2000",1,310,310,6.80709677419355,3.09960034332478
"6019","wv","2000",2,283,283,6.24558303886926,2.88112097643366
"6019","wv","2000",3,310,310,5.94660394265233,2.58017007414609
"6019","wv","2000",4,300,300,5.01445833333333,1.88110716689336
"6019","wv","2000",5,310,310,4.98779121863799,1.9244105112533
"6019","wv","2000",6,300,300,5.23283333333333,2.09554320163579
"6019","wv","2000",7,310,310,4.49741935483871,1.88525013618872
"6019","wv","2000",8,310,310,4.79177419354839,2.0161335711401
"6019","wv","2000",9,300,300,5.50133333333333,2.21611569752988
"6019","wv","2000",10,310,310,5.56612903225806,2.36764487385016
"6019","wv","2000",11,300,300,5.98016666666667,2.49055120201434
"6019","wv","2000",12,310,310,5.71354838709677,2.72890739825777
"6019","wv","2010",1,280,280,6.04125,2.97136168579686
"6019","wv","2010",2,254,254,6.04724409448819,2.63736683785468
"6019","wv","2010",3,279,279,5.92688172043011,2.46604887946036
"6019","wv","2010",4,270,270,5.44537037037037,2.28808674232048
"6019","wv","2010",5,279,279,5.09193548387097,2.10468333102162
"6019","wv","2010",6,270,270,5.02592592592593,2.14248797328765
"6019","wv","2010",7,279,279,4.4915770609319,1.85156234446565
"6019","wv","2010",8,279,279,4.7573476702509,1.90355823316123
"6019","wv","2010",9,270,270,5.29185185185185,2.35558505355109
"6019","wv","2010",10,279,279,5.65125448028674,2.28114342536658
"6019","wv","2010",11,270,270,5.57055555555556,2.37695989699462
"6019","wv","2010",12,279,279,6.1915770609319,2.83364466866417
"6019","wv","2020",1,1,1,8.6,NA
"6019","wind.2m","1980",1,62,93,5.4655647961524,1.93984885101885
"6019","wind.2m","1980",2,57,85,5.82254783113336,2.17780680609519
"6019","wind.2m","1980",3,62,93,4.72577128141742,1.76711932660791
"6019","wind.2m","1980",4,60,90,4.46527654158571,1.61094332578896
"6019","wind.2m","1980",5,62,93,4.31504979832041,1.32646136115563
"6019","wind.2m","1980",6,60,90,3.3467202936935,1.13352984586613
"6019","wind.2m","1980",7,62,93,3.99340044408781,1.57324404883825
"6019","wind.2m","1980",8,62,93,4.42267862069824,1.58819648367026
"6019","wind.2m","1980",9,72,90,4.21003265873336,1.61242056587394
"6019","wind.2m","1980",10,93,93,4.65071976542982,1.7978657225207
"6019","wind.2m","1980",11,90,90,4.27309792528119,1.86898524550761
"6019","wind.2m","1980",12,93,93,4.99546189381245,2.15274995167641
"6019","wind.2m","1990",1,310,310,5.27430714167409,2.44840444098839
"6019","wind.2m","1990",2,282,282,5.77977392527891,2.2309244969292
"6019","wind.2m","1990",3,310,310,5.33739989961972,2.094239771974
"6019","wind.2m","1990",4,300,300,4.6335074012687,1.87994820529823
"6019","wind.2m","1990",5,310,310,4.14828697927982,1.69872243067532
"6019","wind.2m","1990",6,300,300,4.21471994205786,1.59809721862483
"6019","wind.2m","1990",7,310,310,3.94515304095292,1.66619063124223
"6019","wind.2m","1990",8,310,310,3.90704996360537,1.46605142933802
"6019","wind.2m","1990",9,300,300,4.42986624665244,1.79536474522116
"6019","wind.2m","1990",10,310,310,4.25517353391711,2.17411034675044
"6019","wind.2m","1990",11,300,300,4.73577540107599,1.89738065910757
"6019","wind.2m","1990",12,310,310,4.94968871647935,2.30506677471721
"6019","wind.2m","2000",1,310,310,5.22111128693563,2.37742445485356
"6019","wind.2m","2000",2,283,283,4.79042463761612,2.20984859597018
"6019","wind.2m","2000",3,310,310,4.5611046814589,1.97901624484157
"6019","wind.2m","2000",4,300,300,3.8461396790024,1.44282800536004
"6019","wind.2m","2000",5,310,310,3.82568573539847,1.47604210345497
"6019","wind.2m","2000",6,300,300,4.01363548743678,1.60730258805789
"6019","wind.2m","2000",7,310,310,3.44956561285454,1.44600570423328
"6019","wind.2m","2000",8,310,310,3.67533871726781,1.54639460748617
"6019","wind.2m","2000",9,300,300,4.2195776720487,1.69978289795935
"6019","wind.2m","2000",10,310,310,4.26927662098731,1.81600729126976
"6019","wind.2m","2000",11,300,300,4.58684762635663,1.91027767385733
"6019","wind.2m","2000",12,310,310,4.38234874012908,2.0930992595935
"6019","wind.2m","2010",1,280,280,4.63369915376834,2.27906412232843
"6019","wind.2m","2010",2,254,254,4.63829668417306,2.02288673449103
"6019","wind.2m","2010",3,279,279,4.54597753982074,1.89148414747061
"6019","wind.2m","2010",4,270,270,4.17665351990737,1.75498540892017
"6019","wind.2m","2010",5,279,279,3.90556542812429,1.61431315868491
"6019","wind.2m","2010",6,270,270,3.85493543718027,1.64330969729474
"6019","wind.2m","2010",7,279,279,3.44508451501352,1.42016683115246
"6019","wind.2m","2010",8,279,279,3.64893322968316,1.46004819766571
"6019","wind.2m","2010",9,270,270,4.05890328124037,1.8067572885196
"6019","wind.2m","2010",10,279,279,4.33456869075675,1.74965981539339
"6019","wind.2m","2010",11,270,270,4.27267180861532,1.82315200715833
"6019","wind.2m","2010",12,279,279,4.74900151255644,2.17343379321653
"6019","wind.2m","2020",1,1,1,6.59628598757008,NA
"6031","temp","1980",1,62,93,4.16451612903226,2.21633997319562
"6031","temp","1980",2,57,85,3.17017543859649,2.35174440668751
"6031","temp","1980",3,62,93,2.97338709677419,3.03870817221667
"6031","temp","1980",4,60,90,5.03,2.92089491742583
"6031","temp","1980",5,62,93,11.2,2.76654486531545
"6031","temp","1980",6,60,90,14.7,3.09800373121855
"6031","temp","1980",7,62,93,16.0596774193548,2.15257829982066
"6031","temp","1980",8,62,93,14.7193548387097,1.64315158093434
"6031","temp","1980",9,72,90,12.1527777777778,2.35144380114043
"6031","temp","1980",10,93,93,8.82043010752688,2.50688439665935
"6031","temp","1980",11,90,90,3.90777777777778,3.41721444407634
"6031","temp","1980",12,93,93,2.73978494623656,3.40434951281784
"6031","temp","1990",1,310,310,1.16370967741935,3.68686298710253
"6031","temp","1990",2,282,282,1.55425531914894,3.83935310730125
"6031","temp","1990",3,310,310,3.27241935483871,2.67111886759129
"6031","temp","1990",4,300,300,6.43416666666667,3.16035143767074
"6031","temp","1990",5,310,310,10.6079032258065,3.1817252942719
"6031","temp","1990",6,300,300,13.638,2.42051350310819
"6031","temp","1990",7,310,310,16.1201612903226,2.54597626059873
"6031","temp","1990",8,310,310,16.3187903225806,2.78587292122943
"6031","temp","1990",9,300,300,12.5244166666667,2.45713708447356
"6031","temp","1990",10,310,310,8.20467741935484,3.03498784019036
"6031","temp","1990",11,300,300,4.015,3.16097784498007
"6031","temp","1990",12,310,310,1.40693548387097,3.61570539864696
"6031","temp","2000",1,306,306,1.82723311546841,3.77325829330952
"6031","temp","2000",2,283,283,1.4027763755679,3.17601240418594
"6031","temp","2000",3,310,310,2.65649769585253,3.35401181617212
"6031","temp","2000",4,300,300,7.34566666666667,2.8073746449091
"6031","temp","2000",5,310,310,11.4193548387097,2.38268353169139
"6031","temp","2000",6,300,300,14.1488,2.62654065728825
"6031","temp","2000",7,310,310,16.6327741935484,2.42030021285944
"6031","temp","2000",8,310,310,16.6829032258065,2.26311309138338
"6031","temp","2000",9,300,300,13.4395,2.30624642293625
"6031","temp","2000",10,310,310,8.97096774193548,3.17911810738507
"6031","temp","2000",11,300,300,5.65616666666667,2.98942735182873
"6031","temp","2000",12,303,303,2.5023102310231,3.95171721717437
"6031","temp","2010",1,280,280,0.622857142857143,3.61215278213065
"6031","temp","2010",2,254,254,0.839566929133858,4.02192354249416
"6031","temp","2010",3,279,279,3.62694688823721,3.07301816541621
"6031","temp","2010",4,270,270,7.25493265993266,2.88700010333652
"6031","temp","2010",5,279,279,11.2363799283154,3.45662394225302
"6031","temp","2010",6,270,270,14.3377777777778,2.31444041802224
"6031","temp","2010",7,279,279,16.7148745519713,2.63285116366147
"6031","temp","2010",8,279,279,15.9691756272401,1.92178247445336
"6031","temp","2010",9,270,270,13.1677777777778,2.23406348455811
"6031","temp","2010",10,279,279,9.15698924731183,2.8087170776328
"6031","temp","2010",11,270,270,5.25,3.42537817085689
"6031","temp","2010",12,279,279,2.49318996415771,4.16695291814741
"6031","temp","2020",1,1,1,5.5,NA
"6031","wv","1980",1,62,93,4.88870967741935,1.70929041347857
"6031","wv","1980",2,57,85,5.10789473684211,1.73893926703496
"6031","wv","1980",3,62,93,4.34032258064516,1.59193249686151
"6031","wv","1980",4,60,90,3.83666666666667,1.21516934409979
"6031","wv","1980",5,62,93,3.62258064516129,1.16004795757828
"6031","wv","1980",6,60,90,2.53,0.830009189248702
"6031","wv","1980",7,62,93,3.14516129032258,1.09972834489948
"6031","wv","1980",8,62,93,3.32258064516129,0.934128743687498
"6031","wv","1980",9,72,90,3.22916666666667,1.178497192955
"6031","wv","1980",10,93,93,3.7741935483871,1.54743147813502
"6031","wv","1980",11,90,90,3.34222222222222,1.58836908637659
"6031","wv","1980",12,93,93,4.1494623655914,1.76614439164957
"6031","wv","1990",1,310,310,4.3441935483871,2.08545940581244
"6031","wv","1990",2,282,282,4.69184397163121,1.94488929591229
"6031","wv","1990",3,310,310,4.60564516129032,1.94393307395396
"6031","wv","1990",4,300,300,3.92683333333333,1.66135772905834
"6031","wv","1990",5,310,310,3.34225806451613,1.36753435951325
"6031","wv","1990",6,300,300,3.19833333333333,1.13339276190177
"6031","wv","1990",7,310,310,3.02854838709677,1.1034952512339
"6031","wv","1990",8,310,310,2.98145161290323,1.03812744957956
"6031","wv","1990",9,300,300,3.1485,1.30995550898717
"6031","wv","1990",10,310,310,3.50854838709677,1.67714490671027
"6031","wv","1990",11,300,300,3.68633333333333,1.71360283354282
"6031","wv","1990",12,310,310,3.82032258064516,1.87036327895982
"6031","wv","2000",1,306,306,4.45196078431373,2.34702729560735
"6031","wv","2000",2,283,283,3.9861686017163,1.98255523880811
"6031","wv","2000",3,310,310,3.81585253456221,1.89696490243558
"6031","wv","2000",4,300,300,3.48233333333333,1.50756882699131
"6031","wv","2000",5,310,310,3.38758064516129,1.37660872114963
"6031","wv","2000",6,300,300,3.42296666666667,1.43428529739665
"6031","wv","2000",7,310,310,2.95148387096774,1.24309979800242
"6031","wv","2000",8,310,310,3.06516129032258,1.26611775953937
"6031","wv","2000",9,300,300,3.36433333333333,1.55793034188031
"6031","wv","2000",10,310,310,3.33,1.65569625749634
"6031","wv","2000",11,300,300,3.902,1.72471586531043
"6031","wv","2000",12,303,303,3.58151815181518,2.00685254641822
"6031","wv","2010",1,280,280,4.64946428571429,2.62520005699027
"6031","wv","2010",2,254,254,4.65649606299213,2.33872856703405
"6031","wv","2010",3,279,279,4.61189312479635,2.1692554096639
"6031","wv","2010",4,270,270,4.31141414141414,1.96768684096105
"6031","wv","2010",5,279,279,4.01003584229391,1.65830360972292
"6031","wv","2010",6,270,270,4.0437037037037,1.89880053735388
"6031","wv","2010",7,279,279,3.46075268817204,1.70312693534024
"6031","wv","2010",8,279,279,3.42903225806452,1.61071819039947
"6031","wv","2010",9,270,270,3.92037037037037,2.14099476841382
"6031","wv","2010",10,279,279,3.95519713261649,1.89005154297433
"6031","wv","2010",11,270,270,3.8587037037037,1.73854407136843
"6031","wv","2010",12,279,279,4.5405017921147,2.26450347897541
"6031","wv","2020",1,1,1,8,NA
"6031","wind.2m","1980",1,62,93,3.74968920261157,1.31104283757169
"6031","wind.2m","1980",2,57,85,3.91780633472262,1.33378380469513
"6031","wind.2m","1980",3,62,93,3.3290708163074,1.22102814211686
"6031","wind.2m","1980",4,60,90,2.94276169445471,0.932047036861651
"6031","wind.2m","1980",5,62,93,2.7785555754093,0.889768382265455
"6031","wind.2m","1980",6,60,90,1.94053529634329,0.636625347046002
"6031","wind.2m","1980",7,62,93,2.4123701567445,0.843502636231872
"6031","wind.2m","1980",8,62,93,2.5484525758429,0.716486086345615
"6031","wind.2m","1980",9,72,90,2.47680312033276,0.903919130265087
"6031","wind.2m","1980",10,93,93,2.8948441880934,1.18689541580778
"6031","wind.2m","1980",11,90,90,2.56351786183602,1.21829497064598
"6031","wind.2m","1980",12,93,93,3.18267912303488,1.35465040728645
"6031","wind.2m","1990",1,310,310,3.33203988726955,1.599568215838
"6031","wind.2m","1990",2,282,282,3.59869123789954,1.49174953604666
"6031","wind.2m","1990",3,310,310,3.53257588850457,1.49101610424379
"6031","wind.2m","1990",4,300,300,3.01192042932439,1.27427798936381
"6031","wind.2m","1990",5,310,310,2.56354535323382,1.04891252711371
"6031","wind.2m","1990",6,300,300,2.45315364537732,0.869323580668141
"6031","wind.2m","1990",7,310,310,2.32292689400982,0.84639189105399
"6031","wind.2m","1990",8,310,310,2.28680319730369,0.796254133601573
"6031","wind.2m","1990",9,300,300,2.41493098044935,1.00474897305492
"6031","wind.2m","1990",10,310,310,2.69109169331605,1.2863869124718
"6031","wind.2m","1990",11,300,300,2.827454524672,1.31435050687894
"6031","wind.2m","1990",12,310,310,2.93022561705898,1.43458733589166
"6031","wind.2m","2000",1,306,306,3.41469843474188,1.80019340261154
"6031","wind.2m","2000",2,283,283,3.05743117344106,1.52063969085274
"6031","wind.2m","2000",3,310,310,2.92679704701936,1.45499104707535
"6031","wind.2m","2000",4,300,300,2.67098448496685,1.15632036381165
"6031","wind.2m","2000",5,310,310,2.59830822574896,1.05587265321931
"6031","wind.2m","2000",6,300,300,2.62544965805265,1.10011116388317
"6031","wind.2m","2000",7,310,310,2.26381763960507,0.953469974269138
"6031","wind.2m","2000",8,310,310,2.35100935686012,0.971124980914319
"6031","wind.2m","2000",9,300,300,2.5804773051374,1.19494814927388
"6031","wind.2m","2000",10,310,310,2.55414329518702,1.26993558406922
"6031","wind.2m","2000",11,300,300,2.99287301436028,1.32287431335895
"6031","wind.2m","2000",12,303,303,2.74706023244725,1.53927596872766
"6031","wind.2m","2010",1,280,280,3.56618559506566,2.0135546919178
"6031","wind.2m","2010",2,254,254,3.57157903854537,1.79382819482053
"6031","wind.2m","2010",3,279,279,3.5373681389843,1.663840588631
"6031","wind.2m","2010",4,270,270,3.3068977543746,1.50923548104156
"6031","wind.2m","2010",5,279,279,3.07573758560199,1.27193544929676
"6031","wind.2m","2010",6,270,270,3.10156117193325,1.45639899741139
"6031","wind.2m","2010",7,279,279,2.65443191435288,1.30631538821372
"6031","wind.2m","2010",8,279,279,2.63010202730195,1.23543695689026
"6031","wind.2m","2010",9,270,270,3.00696327211151,1.64216439422662
"6031","wind.2m","2010",10,279,279,3.03367574697157,1.44968843124498
"6031","wind.2m","2010",11,270,270,2.95966432220064,1.33348068566751
"6031","wind.2m","2010",12,279,279,3.48261027300733,1.73689681013595
"6031","wind.2m","2020",1,1,1,6.13607998843728,NA
"6069","temp","1990",11,28,28,4.75357142857143,3.27837834153786
"6069","temp","1990",12,31,31,1.2258064516129,3.18202951399841
"6069","temp","2000",1,310,310,1.54161290322581,3.86163320142621
"6069","temp","2000",2,283,283,1.27826855123675,3.24279826823618
"6069","temp","2000",3,310,310,2.65709677419355,3.39016251822675
"6069","temp","2000",4,300,300,7.2785,3.01580775326981
"6069","temp","2000",5,310,310,11.1995161290323,2.53075495433627
"6069","temp","2000",6,300,300,13.8733333333333,2.99985878523084
"6069","temp","2000",7,310,310,16.3212903225806,2.63409280998625
"6069","temp","2000",8,310,310,16.3635483870968,2.47834511074273
"6069","temp","2000",9,300,300,13.0921666666667,2.32004071846595
"6069","temp","2000",10,310,310,8.72161290322581,3.14014881923655
"6069","temp","2000",11,300,300,5.39933333333333,3.03141846036279
"6069","temp","2000",12,310,310,2.29983870967742,3.78244218804995
"6069","temp","2010",1,280,280,0.689107142857143,3.59092807403932
"6069","temp","2010",2,254,254,0.903543307086614,4.06094228196913
"6069","temp","2010",3,279,279,3.76953405017921,3.03598978173044
"6069","temp","2010",4,270,270,7.28407407407407,3.07922739218503
"6069","temp","2010",5,279,279,11.2437275985663,3.70709339654538
"6069","temp","2010",6,270,270,14.2751851851852,2.58211156835884
"6069","temp","2010",7,279,279,16.5415770609319,2.87679734627906
"6069","temp","2010",8,279,279,15.9326164874552,2.21116622600106
"6069","temp","2010",9,270,270,13.0864814814815,2.33688952023139
"6069","temp","2010",10,279,279,9.19749103942652,2.88844649922346
"6069","temp","2010",11,270,270,5.19518518518518,3.43300389816782
"6069","temp","2010",12,279,279,2.53673835125448,4.31009937119402
"6069","temp","2020",1,1,1,5.1,NA
"6069","wv","1990",11,28,28,3.89642857142857,2.09027415229343
"6069","wv","1990",12,31,31,4.28709677419355,2.77845783790023
"6069","wv","2000",1,310,310,4.96548387096774,2.39253198767263
"6069","wv","2000",2,283,283,4.59098939929329,2.10378713139269
"6069","wv","2000",3,310,310,4.51967741935484,1.89481490394192
"6069","wv","2000",4,300,300,4.06183333333333,1.4946607781348
"6069","wv","2000",5,310,310,3.88,1.40008783820607
"6069","wv","2000",6,300,300,3.95633333333333,1.38135937926056
"6069","wv","2000",7,310,310,3.36129032258065,1.21784929516393
"6069","wv","2000",8,310,310,3.42112903225806,1.43178172252348
"6069","wv","2000",9,300,300,3.82466666666667,1.46666124454253
"6069","wv","2000",10,310,310,3.94451612903226,1.68260246630319
"6069","wv","2000",11,300,300,4.568,1.7515905815051
"6069","wv","2000",12,310,310,4.12935483870968,2.10837279160365
"6069","wv","2010",1,280,280,4.21357142857143,2.11301516258567
"6069","wv","2010",2,254,254,4.21811023622047,2.06535193807645
"6069","wv","2010",3,279,279,4.07849462365591,1.83502197244597
"6069","wv","2010",4,270,270,3.91518518518519,1.66088584410257
"6069","wv","2010",5,279,279,3.58637992831541,1.34780429450508
"6069","wv","2010",6,270,270,3.41555555555556,1.34406953853266
"6069","wv","2010",7,279,279,3,1.24787589310969
"6069","wv","2010",8,279,279,3.18996415770609,1.17432346916065
"6069","wv","2010",9,270,270,3.32518518518519,1.43100134013475
"6069","wv","2010",10,279,279,3.61003584229391,1.64779326997691
"6069","wv","2010",11,270,270,3.78148148148148,1.6476043297882
"6069","wv","2010",12,279,279,4.0410394265233,1.88246795626211
"6069","wv","2020",1,1,1,5.4,NA
"6069","wind.2m","1990",11,28,28,2.98859967293977,1.60326117452943
"6069","wind.2m","1990",12,31,31,3.28824609057788,2.13110494223204
"6069","wind.2m","2000",1,310,310,3.80857577669416,1.83509595640676
"6069","wind.2m","2000",2,283,283,3.5213347725164,1.61362576460882
"6069","wind.2m","2000",3,310,310,3.46663777088689,1.45334197673384
"6069","wind.2m","2000",4,300,300,3.11546677912927,1.14641976127688
"6069","wind.2m","2000",5,310,310,2.97599879439208,1.07388137075884
"6069","wind.2m","2000",6,300,300,3.03454722428175,1.05951645549011
"6069","wind.2m","2000",7,310,310,2.57814328546437,0.934102586123482
"6069","wind.2m","2000",8,310,310,2.62404017408756,1.09819089692333
"6069","wind.2m","2000",9,300,300,2.93355757447206,1.12494383905674
"6069","wind.2m","2000",10,310,310,3.02548331042787,1.29057291524727
"6069","wind.2m","2000",11,300,300,3.50370167339769,1.34348748938859
"6069","wind.2m","2000",12,310,310,3.16725644887039,1.6171430118406
"6069","wind.2m","2010",1,280,280,3.23185141533853,1.62070375680081
"6069","wind.2m","2010",2,254,254,3.23533272618686,1.58414558703888
"6069","wind.2m","2010",3,279,279,3.12824615539551,1.40748020043355
"6069","wind.2m","2010",4,270,270,3.00298618323012,1.27391604888457
"6069","wind.2m","2010",5,279,279,2.75078926363367,1.0337793699803
"6069","wind.2m","2010",6,270,270,2.61976526173003,1.0309147748073
"6069","wind.2m","2010",7,279,279,2.30102999566398,0.957133286970462
"6069","wind.2m","2010",8,279,279,2.44673440399157,0.900717842383613
"6069","wind.2m","2010",9,270,270,2.55045028408287,1.09759233582847
"6069","wind.2m","2010",10,279,279,2.76893358618012,1.26387391362337
"6069","wind.2m","2010",11,270,270,2.90043410564559,1.2637289946095
"6069","wind.2m","2010",12,279,279,3.09951764469696,1.44387174441179
"6069","wind.2m","2020",1,1,1,4.14185399219517,NA
"6109","temp","1980",1,93,93,1.10860215053763,5.08312758724943
"6109","temp","1980",2,85,85,2.01176470588235,2.67022434248804
"6109","temp","1980",3,93,93,1.95591397849462,4.1064493910452
"6109","temp","1980",4,90,90,6.11388888888889,3.06911286982742
"6109","temp","1980",5,93,93,11.0827956989247,2.91763591722623
"6109","temp","1980",6,90,90,13.4544444444444,3.08314029155798
"6109","temp","1980",7,93,93,15.5284946236559,2.23787369783703
"6109","temp","1980",8,93,93,14.4870967741935,1.99598650592566
"6109","temp","1980",9,90,90,12.7966666666667,1.94193520992606
"6109","temp","1980",10,93,93,9.19462365591398,2.28357155386211
"6109","temp","1980",11,90,90,4.50666666666667,3.21467142326406
"6109","temp","1980",12,93,93,3.07204301075269,3.36181775336285
"6109","temp","1990",1,310,310,1.49709677419355,3.59072311865957
"6109","temp","1990",2,282,282,1.73404255319149,3.89155175459366
"6109","temp","1990",3,310,310,3.52064516129032,2.69680853629786
"6109","temp","1990",4,300,300,6.80133333333333,3.26406078640205
"6109","temp","1990",5,310,310,10.8761290322581,3.07159623220851
"6109","temp","1990",6,300,300,13.586,2.72625117789059
"6109","temp","1990",7,310,310,16.1212903225806,2.73500293384232
"6109","temp","1990",8,310,310,16.3762903225806,2.84220858210264
"6109","temp","1990",9,300,300,12.6636666666667,2.34257809460431
"6109","temp","1990",10,310,310,8.49432258064516,3.14587951992084
"6109","temp","1990",11,300,300,4.10986666666667,3.30405669104122
"6109","temp","1990",12,310,310,1.64306451612903,3.50939911724343
"6109","temp","2000",1,310,310,1.98677419354839,3.64120422405468
"6109","temp","2000",2,283,283,1.82367491166078,3.10176761438686
"6109","temp","2000",3,310,310,3.24516129032258,3.20792146801632
"6109","temp","2000",4,300,300,7.74266666666667,3.05093541588947
"6109","temp","2000",5,310,310,11.7864516129032,2.61003428903148
"6109","temp","2000",6,300,300,14.3103333333333,2.98868432629304
"6109","temp","2000",7,310,310,16.7703225806452,2.75713958040421
"6109","temp","2000",8,310,310,16.8593548387097,2.51731871352619
"6109","temp","2000",9,300,300,13.7373333333333,2.24725910101897
"6109","temp","2000",10,310,310,9.46612903225807,2.93624507303595
"6109","temp","2000",11,300,300,6.01233333333333,2.94827572128615
"6109","temp","2000",12,310,310,2.77774193548387,3.60679707994581
"6109","temp","2010",1,280,280,1.16553571428571,3.48423994974424
"6109","temp","2010",2,254,254,1.25767716535433,3.78783027859968
"6109","temp","2010",3,279,279,4.184229390681,2.83161151546761
"6109","temp","2010",4,270,270,7.66388888888889,3.01923229161506
"6109","temp","2010",5,279,279,11.5874551971326,3.63595459306653
"6109","temp","2010",6,270,270,14.6148148148148,2.50661633088572
"6109","temp","2010",7,279,279,16.8620071684588,2.97770931947954
"6109","temp","2010",8,279,279,16.3304659498208,2.26627688802338
"6109","temp","2010",9,270,270,13.7,2.1918741450316
"6109","temp","2010",10,279,279,9.8494623655914,2.71520195424862
"6109","temp","2010",11,270,270,5.54666666666667,3.39911261107233
"6109","temp","2010",12,279,279,3.02491039426523,4.18607419525752
"6109","temp","2020",1,1,1,4.3,NA
"6109","wv","1980",1,62,93,3.79677419354839,1.33391667126567
"6109","wv","1980",2,57,85,4.51578947368421,1.40137553263165
"6109","wv","1980",3,62,93,3.71451612903226,1.14603332629618
"6109","wv","1980",4,60,90,3.38583333333333,1.68757527557572
"6109","wv","1980",5,62,93,3.00241935483871,1.2217401023642
"6109","wv","1980",6,60,90,1.93166666666667,0.748669252552497
"6109","wv","1980",7,62,93,2.48145161290323,0.810559605870837
"6109","wv","1980",8,62,93,2.23548387096774,0.746158857562648
"6109","wv","1980",9,67,90,2.32537313432836,1.02474583450137
"6109","wv","1980",10,93,93,3.2489247311828,1.59184792285269
"6109","wv","1980",11,90,90,2.91666666666667,1.45696698967024
"6109","wv","1980",12,93,93,3.54623655913979,1.39779011453833
"6109","wv","1990",1,310,310,3.88935483870968,1.80416173953997
"6109","wv","1990",2,282,282,4.08758865248227,1.70622323376207
"6109","wv","1990",3,310,310,3.85225806451613,1.38738353469607
"6109","wv","1990",4,300,300,3.457,1.10908318175922
"6109","wv","1990",5,310,310,2.81064516129032,1.04592733194729
"6109","wv","1990",6,300,300,2.353,0.875774478079174
"6109","wv","1990",7,310,310,2.20822580645161,0.740181741422408
"6109","wv","1990",8,310,310,2.05854838709677,0.945813200859303
"6109","wv","1990",9,300,300,2.509,1.15386612022859
"6109","wv","1990",10,310,310,3.02503225806452,1.2585090959493
"6109","wv","1990",11,300,300,3.39746666666667,1.42672963113435
"6109","wv","1990",12,310,310,3.58048387096774,1.71053695029224
"6109","wv","2000",1,310,310,4.25096774193548,2.02253862530866
"6109","wv","2000",2,283,283,3.85512367491166,1.72616500969016
"6109","wv","2000",3,310,310,3.87225806451613,1.55843935109519
"6109","wv","2000",4,300,300,3.47033333333333,1.19259056458535
"6109","wv","2000",5,310,310,3.09032258064516,1.05095266959457
"6109","wv","2000",6,300,300,2.98266666666667,1.02691189936255
"6109","wv","2000",7,310,310,2.58306451612903,0.802108041189001
"6109","wv","2000",8,310,310,2.65032258064516,0.923253467366609
"6109","wv","2000",9,300,300,2.93433333333333,1.13564380200793
"6109","wv","2000",10,310,310,3.14,1.4314136312816
"6109","wv","2000",11,300,300,3.726,1.4231006496159
"6109","wv","2000",12,310,310,3.54,1.78606979355325
"6109","wv","2010",1,280,280,4.5,2.32998223261489
"6109","wv","2010",2,254,254,4.59133858267717,2.09171237308266
"6109","wv","2010",3,279,279,4.43118279569893,1.97310943086737
"6109","wv","2010",4,270,270,4.23,1.70695820678264
"6109","wv","2010",5,279,279,3.88835125448029,1.51173424824853
"6109","wv","2010",6,270,270,3.65222222222222,1.51563556873
"6109","wv","2010",7,279,279,3.57401433691756,1.4874826689549
"6109","wv","2010",8,279,279,3.37777777777778,1.34795638314869
"6109","wv","2010",9,270,270,3.42444444444444,1.53465381425775
"6109","wv","2010",10,279,279,3.67491039426523,1.68952802225506
"6109","wv","2010",11,270,270,3.77796296296296,1.63194911588529
"6109","wv","2010",12,279,279,4.61505376344086,2.30292024043164
"6109","wv","2020",1,1,1,6,NA
"6109","wind.2m","1980",1,62,93,2.91216376870592,1.02312742409952
"6109","wind.2m","1980",2,57,85,3.46365567768368,1.07486904525834
"6109","wind.2m","1980",3,62,93,2.84907101076029,0.879019019946027
"6109","wind.2m","1980",4,60,90,2.59696802010632,1.29438710968021
"6109","wind.2m","1980",5,62,93,2.30288566501532,0.937086874148539
"6109","wind.2m","1980",6,60,90,1.48160764720809,0.574236802318209
"6109","wind.2m","1980",7,62,93,1.90329819802636,0.621707322127457
"6109","wind.2m","1980",8,62,93,1.71463848063993,0.572311304260674
"6109","wind.2m","1980",9,67,90,1.78358444440024,0.785990301039789
"6109","wind.2m","1980",10,93,93,2.49195775336872,1.22096327300648
"6109","wind.2m","1980",11,90,90,2.23711249578443,1.11750824864116
"6109","wind.2m","1980",12,93,93,2.71999889810029,1.07211899373176
"6109","wind.2m","1990",1,310,310,2.98317404921727,1.38381009323692
"6109","wind.2m","1990",2,282,282,3.13522136643247,1.30869028006177
"6109","wind.2m","1990",3,310,310,2.95472045249669,1.06413704294199
"6109","wind.2m","1990",4,300,300,2.65155356500346,0.850677889638138
"6109","wind.2m","1990",5,310,310,2.15579294109895,0.80223672136517
"6109","wind.2m","1990",6,300,300,1.80477452659912,0.671727781165716
"6109","wind.2m","1990",7,310,310,1.69373127261482,0.567726796418587
"6109","wind.2m","1990",8,310,310,1.5789271954118,0.725448181824073
"6109","wind.2m","1990",9,300,300,1.92442808637364,0.8850268512088
"6109","wind.2m","1990",10,310,310,2.32022998788587,0.965289059865097
"6109","wind.2m","1990",11,300,300,2.60589090308951,1.09431589231425
"6109","wind.2m","1990",12,310,310,2.74626692869595,1.31199894377134
"6109","wind.2m","2000",1,310,310,3.26053476159784,1.55130734807474
"6109","wind.2m","2000",2,283,283,2.95691840432203,1.32398582158756
"6109","wind.2m","2000",3,310,310,2.97006065246779,1.19533856443105
"6109","wind.2m","2000",4,300,300,2.66178036498419,0.914728887218915
"6109","wind.2m","2000",5,310,310,2.37030831811408,0.806091205586745
"6109","wind.2m","2000",6,300,300,2.28773515568903,0.787651694445832
"6109","wind.2m","2000",7,310,310,1.98123631078272,0.615224887513057
"6109","wind.2m","2000",8,310,310,2.03282391875003,0.708144640670448
"6109","wind.2m","2000",9,300,300,2.25066300575889,0.871050150936709
"6109","wind.2m","2000",10,310,310,2.40841139546163,1.09790856726042
"6109","wind.2m","2000",11,300,300,2.85787925461466,1.09153242720503
"6109","wind.2m","2000",12,310,310,2.7152153948835,1.3699333897718
"6109","wind.2m","2010",1,280,280,3.45154499349597,1.78711966887033
"6109","wind.2m","2010",2,254,254,3.52160259966317,1.60436430425489
"6109","wind.2m","2010",3,279,279,3.39876150972447,1.51339466171777
"6109","wind.2m","2010",4,270,270,3.24445229388621,1.30925401171722
"6109","wind.2m","2010",5,279,279,2.98240429007894,1.15951528356414
"6109","wind.2m","2010",6,270,270,2.80129096138797,1.16250763538099
"6109","wind.2m","2010",7,279,279,2.74130473139348,1.14091407976518
"6109","wind.2m","2010",8,279,279,2.5907893284513,1.03389602349062
"6109","wind.2m","2010",9,270,270,2.62658312838385,1.17709481985574
"6109","wind.2m","2010",10,279,279,2.81869301619388,1.29588488590791
"6109","wind.2m","2010",11,270,270,2.89773536676178,1.25172128901645
"6109","wind.2m","2010",12,279,279,3.53979238042645,1.76636285028497
"6109","wind.2m","2020",1,1,1,4.60205999132796,NA
"6116","temp","1980",1,93,124,1.49677419354839,4.81396184150858
"6116","temp","1980",2,85,113,2.30235294117647,2.60694934242106
"6116","temp","1980",3,93,124,2.61720430107527,3.94983829211961
"6116","temp","1980",4,120,120,6.34833333333333,3.04788074419133
"6116","temp","1980",5,124,124,11.125,3.24910556797866
"6116","temp","1980",6,120,120,13.5208333333333,2.96956256386834
"6116","temp","1980",7,124,124,15.5088709677419,2.08035378857884
"6116","temp","1980",8,124,124,14.9354838709677,2.01341814074817
"6116","temp","1980",9,120,120,12.8608333333333,2.19431258098778
"6116","temp","1980",10,124,124,10.4947898981324,2.82205457945774
"6116","temp","1980",11,120,120,6.48606359649123,4.61733568394397
"6116","temp","1980",12,124,124,5.30240874363328,4.84317154887763
"6116","temp","1990",1,310,310,1.74854838709677,3.74644949363137
"6116","temp","1990",2,282,282,1.91755319148936,4.2274419596337
"6116","temp","1990",3,310,310,4.02322580645161,2.74987070846026
"6116","temp","1990",4,300,300,7.21733333333333,3.34758429681811
"6116","temp","1990",5,310,310,11.2801612903226,3.08144921456238
"6116","temp","1990",6,300,300,14.1213333333333,2.75507647385905
"6116","temp","1990",7,310,310,16.6558064516129,2.66661279176187
"6116","temp","1990",8,310,310,16.7451612903226,2.90390192913444
"6116","temp","1990",9,300,300,13.126,2.4983721790699
"6116","temp","1990",10,310,310,8.80677419354839,3.48085088646875
"6116","temp","1990",11,300,300,4.37033333333333,3.45957348786649
"6116","temp","1990",12,310,310,1.89016129032258,3.64363278122966
"6116","temp","2000",1,310,310,2.2758064516129,3.82028673943191
"6116","temp","2000",2,283,283,2.30353356890459,3.20804523047213
"6116","temp","2000",3,310,310,3.73032258064516,3.33548876965553
"6116","temp","2000",4,300,300,8.221,3.0771045518846
"6116","temp","2000",5,310,310,12.1647096774194,2.53538129867669
"6116","temp","2000",6,300,300,14.8054666666667,2.92884685988378
"6116","temp","2000",7,310,310,17.1138709677419,2.64339584652389
"6116","temp","2000",8,310,310,17.1967408231368,2.4753002567928
"6116","temp","2000",9,300,300,14.106367816092,2.48031077629365
"6116","temp","2000",10,310,310,9.81774193548387,3.21457664012827
"6116","temp","2000",11,300,300,6.34883333333333,3.12606013678852
"6116","temp","2000",12,310,310,2.95935483870968,3.64578790515496
"6116","temp","2010",1,280,280,1.36714285714286,3.67731479985393
"6116","temp","2010",2,254,254,1.58641732283465,3.87029614526211
"6116","temp","2010",3,279,279,4.54032258064516,2.89113697307585
"6116","temp","2010",4,270,270,7.9912962962963,2.97383942886024
"6116","temp","2010",5,279,279,11.9139784946237,3.51645642221257
"6116","temp","2010",6,270,270,15.0788888888889,2.52366019925856
"6116","temp","2010",7,279,279,17.2005376344086,2.93033159132023
"6116","temp","2010",8,279,279,16.6016129032258,2.30710645505161
"6116","temp","2010",9,270,270,13.9864814814815,2.38081954385444
"6116","temp","2010",10,279,279,10.2387096774194,2.99406002801895
"6116","temp","2010",11,270,270,5.74925925925926,3.60846271516494
"6116","temp","2010",12,279,279,3.31899641577061,4.48175530834427
"6116","temp","2020",1,1,1,3.9,NA
"6116","wv","1980",1,93,124,4.56559139784946,1.54620816864831
"6116","wv","1980",2,85,113,5.04823529411765,1.94401473176283
"6116","wv","1980",3,93,124,4.70322580645161,1.79930249848821
"6116","wv","1980",4,120,120,3.3475,1.64040180054366
"6116","wv","1980",5,124,124,3.81129032258064,1.41594920200896
"6116","wv","1980",6,120,120,3.21916666666667,1.24632541128404
"6116","wv","1980",7,124,124,3.57741935483871,1.22637452219283
"6116","wv","1980",8,124,124,3.76451612903226,1.37126097973161
"6116","wv","1980",9,120,120,3.80666666666667,1.67586592860057
"6116","wv","1980",10,124,124,4.21363539898132,1.58119812757571
"6116","wv","1980",11,120,120,3.80904605263158,1.50771622470397
"6116","wv","1980",12,124,124,4.48403013582343,1.63240158385918
"6116","wv","1990",1,310,310,4.64838709677419,2.20539144721106
"6116","wv","1990",2,282,282,4.71737588652482,2.03046622466941
"6116","wv","1990",3,310,310,4.63387096774194,1.80998163272584
"6116","wv","1990",4,300,300,4.046,1.38899785822989
"6116","wv","1990",5,310,310,3.54145161290323,1.21698616646465
"6116","wv","1990",6,300,300,3.21733333333333,1.0876163170281
"6116","wv","1990",7,310,310,3.08258064516129,1.0166986606731
"6116","wv","1990",8,310,310,2.96354838709677,0.986343803951168
"6116","wv","1990",9,300,300,3.12266666666667,1.12640230946353
"6116","wv","1990",10,310,310,3.53290322580645,1.36381388310742
"6116","wv","1990",11,300,300,3.77883333333333,1.53942404604255
"6116","wv","1990",12,310,310,4.13645161290323,1.92365036685388
"6116","wv","2000",1,310,310,3.93462365591398,1.89178805572044
"6116","wv","2000",2,283,283,3.47479387514723,1.61135851611259
"6116","wv","2000",3,310,310,3.8241935483871,1.61191814056038
"6116","wv","2000",4,300,300,3.32333333333333,1.27239600287097
"6116","wv","2000",5,310,310,3.02774193548387,1.18765838936029
"6116","wv","2000",6,300,300,3.06816666666667,1.47454701457062
"6116","wv","2000",7,310,310,2.69516129032258,1.3127352688806
"6116","wv","2000",8,310,310,2.55462921764924,1.23908608051568
"6116","wv","2000",9,300,300,2.69366091954023,1.23057234732666
"6116","wv","2000",10,310,310,2.90602150537634,1.39935502155205
"6116","wv","2000",11,300,300,3.54783333333333,1.44732480765308
"6116","wv","2000",12,310,310,3.46725806451613,1.70914545373369
"6116","wv","2010",1,280,280,4.39767857142857,2.59114219778555
"6116","wv","2010",2,254,254,4.18444881889764,1.90619032436588
"6116","wv","2010",3,279,279,4.00663082437276,1.89869344794316
"6116","wv","2010",4,270,270,3.98648148148148,1.77519607758264
"6116","wv","2010",5,279,279,3.54229390681004,1.47753215661103
"6116","wv","2010",6,270,270,3.07333333333333,1.46856908835991
"6116","wv","2010",7,279,279,2.92939068100358,1.46562408002244
"6116","wv","2010",8,279,279,2.68440860215054,1.30452267714193
"6116","wv","2010",9,270,270,2.85074074074074,1.43965977477571
"6116","wv","2010",10,279,279,3.19426523297491,1.62450083575529
"6116","wv","2010",11,270,270,3.58851851851852,2.01160148836267
"6116","wv","2010",12,279,279,4.2252688172043,2.27017284135716
"6116","wv","2020",1,1,1,3.7,NA
"6116","wind.2m","1980",1,93,124,3.50185425146569,1.18595712520015
"6116","wind.2m","1980",2,85,113,3.87204694564476,1.49107873659965
"6116","wind.2m","1980",3,93,124,3.60742121900869,1.38008300676484
"6116","wind.2m","1980",4,120,120,2.56756597016173,1.25820458266406
"6116","wind.2m","1980",5,124,124,2.92329778481397,1.08604719538637
"6116","wind.2m","1980",6,120,120,2.46913302034721,0.955944051907606
"6116","wind.2m","1980",7,124,124,2.74391641418425,0.940641520494594
"6116","wind.2m","1980",8,124,124,2.88742151068803,1.051770882082
"6116","wind.2m","1980",9,120,120,2.91975139449807,1.28540592347373
"6116","wind.2m","1980",10,124,124,3.23190048128253,1.21279477354648
"6116","wind.2m","1980",11,120,120,2.92157640732358,1.15643341933103
"6116","wind.2m","1980",12,124,124,3.43929594799698,1.25206833647645
"6116","wind.2m","1990",1,310,310,3.56535938037828,1.69155729073781
"6116","wind.2m","1990",2,282,282,3.61827447190519,1.55738789604897
"6116","wind.2m","1990",3,310,310,3.55422536427022,1.38827400950101
"6116","wind.2m","1990",4,300,300,3.10332245415216,1.06537524523333
"6116","wind.2m","1990",5,310,310,2.7163287964943,0.933440557781092
"6116","wind.2m","1990",6,300,300,2.46772683534986,0.83421258975175
"6116","wind.2m","1990",7,310,310,2.36437017618979,0.779818038253397
"6116","wind.2m","1990",8,310,310,2.27307124410376,0.756535559642983
"6116","wind.2m","1990",9,300,300,2.39511655548669,0.863961833753587
"6116","wind.2m","1990",10,310,310,2.70977209811956,1.04605888451105
"6116","wind.2m","1990",11,300,300,2.8984029495383,1.1807536353301
"6116","wind.2m","1990",12,310,310,3.17269974563433,1.47545906510027
"6116","wind.2m","2000",1,310,310,3.01789568463571,1.45102035388386
"6116","wind.2m","2000",2,283,283,2.66520164515442,1.23592809311456
"6116","wind.2m","2000",3,310,310,2.93319468802113,1.23635733066145
"6116","wind.2m","2000",4,300,300,2.54902989519665,0.975940456323019
"6116","wind.2m","2000",5,310,310,2.32230833755937,0.91094585950667
"6116","wind.2m","2000",6,300,300,2.35331451056546,1.13099230351459
"6116","wind.2m","2000",7,310,310,2.0672156573949,1.00688107668676
"6116","wind.2m","2000",8,310,310,1.95942615253684,0.950391412825429
"6116","wind.2m","2000",9,300,300,2.0660648580033,0.943861294344429
"6116","wind.2m","2000",10,310,310,2.22894755063852,1.07331929305809
"6116","wind.2m","2000",11,300,300,2.72122363987218,1.11011259862611
"6116","wind.2m","2000",12,310,310,2.65942160305315,1.31093165199798
"6116","wind.2m","2010",1,280,280,3.37306343471529,1.98743197337841
"6116","wind.2m","2010",2,254,254,3.20951408253473,1.46206703793678
"6116","wind.2m","2010",3,279,279,3.07312590281121,1.45631685876262
"6116","wind.2m","2010",4,270,270,3.05767115534929,1.3615931409009
"6116","wind.2m","2010",5,279,279,2.71697484434255,1.13328193730669
"6116","wind.2m","2010",6,270,270,2.35727739555799,1.12640717434035
"6116","wind.2m","2010",7,279,279,2.24687194200259,1.12414832349969
"6116","wind.2m","2010",8,279,279,2.0589682380556,1.00058193670915
"6116","wind.2m","2010",9,270,270,2.18654665143527,1.10423344176992
"6116","wind.2m","2010",10,279,279,2.45003337172729,1.24600838368471
"6116","wind.2m","2010",11,270,270,2.75242958370226,1.54291845468161
"6116","wind.2m","2010",12,279,279,3.24082342937692,1.74124526776819
"6116","wind.2m","2020",1,1,1,2.83793699465224,NA
"6126","temp","1980",1,93,93,1.03118279569892,4.97281694499169
"6126","temp","1980",2,85,85,1.92588235294118,2.55385576564314
"6126","temp","1980",3,93,93,1.89677419354839,4.11398599723112
"6126","temp","1980",4,90,90,6.23333333333333,3.54600582393357
"6126","temp","1980",5,93,93,10.8387096774194,2.92871956953385
"6126","temp","1980",6,90,90,13.7355555555556,3.18544128885529
"6126","temp","1980",7,93,93,15.7075268817204,2.52316384202969
"6126","temp","1980",8,93,93,14.6935483870968,2.31684786104315
"6126","temp","1980",9,90,90,12.79,2.32456592540909
"6126","temp","1980",10,93,93,9.25376344086022,2.47393187930297
"6126","temp","1980",11,90,90,4.38555555555556,3.1774684683983
"6126","temp","1980",12,93,93,2.74731182795699,3.41714320671298
"6126","temp","1990",1,310,310,1.41612903225806,3.38892129683065
"6126","temp","1990",2,282,282,1.63156028368794,3.95750070015491
"6126","temp","1990",3,310,310,3.43483870967742,2.84219463834741
"6126","temp","1990",4,300,300,6.86533333333333,3.50582862340386
"6126","temp","1990",5,310,310,11.1633870967742,3.08376946633756
"6126","temp","1990",6,300,300,13.9816666666667,2.68184105800915
"6126","temp","1990",7,310,310,16.571935483871,2.72601386305806
"6126","temp","1990",8,310,310,16.9358064516129,3.01497478797527
"6126","temp","1990",9,300,300,12.9796666666667,2.4668545003659
"6126","temp","1990",10,310,310,8.62709677419355,3.28378993445782
"6126","temp","1990",11,300,300,4.27166666666667,3.13461052861584
"6126","temp","1990",12,310,310,1.76032258064516,3.35189892938642
"6126","temp","2000",1,310,310,1.90451612903226,3.63470581129897
"6126","temp","2000",2,283,283,1.87314487632509,3.05083170909742
"6126","temp","2000",3,310,310,3.27225806451613,3.34796319035647
"6126","temp","2000",4,300,300,7.858,3.11463413893157
"6126","temp","2000",5,310,310,11.9241935483871,2.45222872565664
"6126","temp","2000",6,300,300,14.5643333333333,2.90459738654967
"6126","temp","2000",7,310,310,17.1140783410138,2.54841323227391
"6126","temp","2000",8,310,310,17.0007603686636,2.40328935635804
"6126","temp","2000",9,300,300,13.8702666666667,2.38513034264242
"6126","temp","2000",10,310,310,9.56458064516129,3.06059341047119
"6126","temp","2000",11,300,300,6.07,2.83803924232708
"6126","temp","2000",12,310,310,2.88709677419355,3.36917705138056
"6126","temp","2010",1,280,280,1.23571428571429,3.36118624367495
"6126","temp","2010",2,254,254,1.39074803149606,3.71207343159552
"6126","temp","2010",3,279,279,4.33440860215054,3.02161855563423
"6126","temp","2010",4,270,270,7.91166666666667,3.05567042516236
"6126","temp","2010",5,279,279,11.8534050179211,3.50449570733202
"6126","temp","2010",6,270,270,15.1014814814815,2.49497592378175
"6126","temp","2010",7,279,279,17.4820788530466,2.98946013885741
"6126","temp","2010",8,279,279,17.0244279018473,2.34746207161189
"6126","temp","2010",9,270,270,14.0369800569801,2.34640831468479
"6126","temp","2010",10,279,279,10.068458781362,2.81769232921975
"6126","temp","2010",11,270,270,5.85722222222222,3.22912996941214
"6126","temp","2010",12,279,279,3.19301075268817,3.90660244986904
"6126","temp","2020",1,1,1,3.5,NA
"6126","wv","1980",1,87,93,5.12528735632184,1.80935671408149
"6126","wv","1980",2,85,85,5.62588235294118,2.01093160957188
"6126","wv","1980",3,93,93,5.07741935483871,1.77066243022074
"6126","wv","1980",4,90,90,4.44444444444444,1.67151355156298
"6126","wv","1980",5,93,93,4.22150537634409,1.35765538484275
"6126","wv","1980",6,90,90,3.26111111111111,1.38974530399909
"6126","wv","1980",7,93,93,3.81989247311828,1.30219588340122
"6126","wv","1980",8,93,93,3.93010752688172,1.21608646594727
"6126","wv","1980",9,90,90,3.81777777777778,1.37698398461371
"6126","wv","1980",10,93,93,4.60752688172043,1.91295563251919
"6126","wv","1980",11,90,90,4.06777777777778,1.73883777391538
"6126","wv","1980",12,93,93,5.01397849462366,2.04522728607517
"6126","wv","1990",1,310,310,5.25193548387097,2.48369038421193
"6126","wv","1990",2,282,282,5.58723404255319,2.26155714516124
"6126","wv","1990",3,310,310,5.18741935483871,1.9224957951767
"6126","wv","1990",4,300,300,4.61833333333333,1.67280947131264
"6126","wv","1990",5,310,310,4.03354838709677,1.37914552690516
"6126","wv","1990",6,300,300,3.80333333333333,1.31497252112987
"6126","wv","1990",7,310,310,3.62354838709677,1.267592188836
"6126","wv","1990",8,310,310,3.58354838709677,1.18816452607238
"6126","wv","1990",9,300,300,3.83933333333333,1.42879590846595
"6126","wv","1990",10,310,310,4.24193548387097,1.58662985602544
"6126","wv","1990",11,300,300,4.37833333333333,1.81762935637221
"6126","wv","1990",12,310,310,4.85274193548387,2.11831141868246
"6126","wv","2000",1,310,310,4.91294879481952,2.42149078160145
"6126","wv","2000",2,283,283,4.41025391779526,1.93373516377134
"6126","wv","2000",3,310,310,4.60225806451613,1.89887604430647
"6126","wv","2000",4,300,300,3.98866666666667,1.54003590570428
"6126","wv","2000",5,310,310,3.87483870967742,1.48560564909172
"6126","wv","2000",6,300,300,3.83852788104089,1.40505267739014
"6126","wv","2000",7,310,310,3.41953231802374,1.14022640593742
"6126","wv","2000",8,310,310,3.45255006595515,1.26411647635582
"6126","wv","2000",9,300,300,3.69211251548947,1.40750729657253
"6126","wv","2000",10,310,310,3.73488571771196,1.66525869525694
"6126","wv","2000",11,300,300,4.22233406224943,1.52584895630926
"6126","wv","2000",12,310,310,4.20606956681221,2.00376228123666
"6126","wv","2010",1,280,280,4.52928571428571,2.20855282507736
"6126","wv","2010",2,254,254,4.58051181102362,1.97451753597175
"6126","wv","2010",3,279,279,4.41146953405018,1.86285471489773
"6126","wv","2010",4,270,270,4.10981481481481,1.63495334988044
"6126","wv","2010",5,279,279,3.73853046594982,1.3934692195363
"6126","wv","2010",6,270,270,3.47,1.36456346765149
"6126","wv","2010",7,279,279,3.3594982078853,1.23006745113806
"6126","wv","2010",8,279,279,3.38979873173422,1.29130667536597
"6126","wv","2010",9,270,270,3.66868945868946,1.5169596860401
"6126","wv","2010",10,279,279,3.78960573476702,1.60077303338963
"6126","wv","2010",11,270,270,3.92296296296296,1.83134889408254
"6126","wv","2010",12,279,279,4.66523297491039,2.11835737898396
"6126","wv","2020",1,1,1,5.3,NA
"6126","wind.2m","1980",1,87,93,3.93114664776463,1.38779469065251
"6126","wind.2m","1980",2,85,85,4.3151080153981,1.54240465095125
"6126","wind.2m","1980",3,93,93,3.89443141201624,1.3581157880444
"6126","wind.2m","1980",4,90,90,3.4089333269096,1.28206760676841
"6126","wind.2m","1980",5,93,93,3.23793683260817,1.04133525476597
"6126","wind.2m","1980",6,90,90,2.50130482861992,1.06594854361169
"6126","wind.2m","1980",7,93,93,2.92989572028541,0.998797262645453
"6126","wind.2m","1980",8,93,93,3.01443176851321,0.932750478488558
"6126","wind.2m","1980",9,90,90,2.92827372781535,1.05616048404835
"6126","wind.2m","1980",10,93,93,3.53401918688895,1.46725609693368
"6126","wind.2m","1980",11,90,90,3.12002622745401,1.33370595845763
"6126","wind.2m","1980",12,93,93,3.84577163791439,1.56870977773647
"6126","wind.2m","1990",1,310,310,4.02828702789304,1.90501535800461
"6126","wind.2m","1990",2,282,282,4.28546437490327,1.73463694264141
"6126","wind.2m","1990",3,310,310,3.97880251185726,1.47457349707982
"6126","wind.2m","1990",4,300,300,3.54230784332494,1.28306159017373
"6126","wind.2m","1990",5,310,310,3.09377194255725,1.05781840859819
"6126","wind.2m","1990",6,300,300,2.91719469450289,1.00859707153124
"6126","wind.2m","1990",7,310,310,2.77929784314984,0.972255882926998
"6126","wind.2m","1990",8,310,310,2.74861744320765,0.911334071425476
"6126","wind.2m","1990",9,300,300,2.94480705445086,1.09590074768738
"6126","wind.2m","1990",10,310,310,3.25360692935283,1.21696096357686
"6126","wind.2m","1990",11,300,300,3.35822544367182,1.39413989000395
"6126","wind.2m","1990",12,310,310,3.72210158492162,1.62476603818196
"6126","wind.2m","2000",1,310,310,3.76828084801364,1.85730764089625
"6126","wind.2m","2000",2,283,283,3.38270885111383,1.48319420516935
"6126","wind.2m","2000",3,310,310,3.52997795141269,1.45645691199898
"6126","wind.2m","2000",4,300,300,3.05934721423502,1.18122293780837
"6126","wind.2m","2000",5,310,310,2.97204003310922,1.13947438676263
"6126","wind.2m","2000",6,300,300,2.9441892644892,1.07768945205423
"6126","wind.2m","2000",7,310,310,2.62281547830501,0.874565053970047
"6126","wind.2m","2000",8,310,310,2.64814042109815,0.969589976702603
"6126","wind.2m","2000",9,300,300,2.83188721516922,1.07957216950977
"6126","wind.2m","2000",10,310,310,2.86469468894407,1.27727006944216
"6126","wind.2m","2000",11,300,300,3.23857244298323,1.17034140577339
"6126","wind.2m","2000",12,310,310,3.22609741236144,1.53690570443521
"6126","wind.2m","2010",1,280,280,3.47400742916793,1.69398209917048
"6126","wind.2m","2010",2,254,254,3.51329835755283,1.51447469241184
"6126","wind.2m","2010",3,279,279,3.38364124093576,1.42882819218125
"6126","wind.2m","2010",4,270,270,3.15226905517103,1.25402556652874
"6126","wind.2m","2010",5,279,279,2.86749024728473,1.0688048240625
"6126","wind.2m","2010",6,270,270,2.66152469498467,1.04663382335111
"6126","wind.2m","2010",7,279,279,2.57676871557449,0.943474033919542
"6126","wind.2m","2010",8,279,279,2.60000952032805,0.990445131206074
"6126","wind.2m","2010",9,270,270,2.8139214964069,1.1635232465971
"6126","wind.2m","2010",10,279,279,2.90666548914639,1.22780892202652
"6126","wind.2m","2010",11,270,270,3.00895181655221,1.40466291260333
"6126","wind.2m","2010",12,279,279,3.57828033734318,1.62480129019274
"6126","wind.2m","2020",1,1,1,4.0651529923397,NA
"6135","temp","1980",1,62,93,3.85806451612903,1.86921114132444
"6135","temp","1980",2,57,85,3.22982456140351,1.81383226034594
"6135","temp","1980",3,62,93,3.64354838709677,2.62207657462441
"6135","temp","1980",4,60,90,6.04,3.37790427456664
"6135","temp","1980",5,62,93,11.9354838709677,2.70985431670567
"6135","temp","1980",6,60,90,14.9266666666667,2.76361754244395
"6135","temp","1980",7,92,93,15.854347826087,2.35448662393799
"6135","temp","1980",8,93,93,15.0086021505376,2.20477031801789
"6135","temp","1980",9,90,90,13.0811111111111,2.08703296972738
"6135","temp","1980",10,93,93,9.28064516129032,2.55497205228126
"6135","temp","1980",11,90,90,4.37222222222222,3.2838052665641
"6135","temp","1980",12,93,93,2.78924731182796,3.12814927801781
"6135","temp","1990",1,310,310,1.24161290322581,3.41782553251431
"6135","temp","1990",2,282,282,1.43102836879433,3.86433689660178
"6135","temp","1990",3,310,310,3.30838709677419,2.60180860821422
"6135","temp","1990",4,300,300,7.0265,3.34442690222822
"6135","temp","1990",5,310,310,11.0533870967742,3.00002639877726
"6135","temp","1990",6,300,300,14.151,2.48098433642616
"6135","temp","1990",7,310,310,16.7222580645161,2.51794621409407
"6135","temp","1990",8,310,310,17.0716129032258,2.73420091356128
"6135","temp","1990",9,300,300,13.0343333333333,2.33548772177263
"6135","temp","1990",10,310,310,8.69225806451613,3.12783220951602
"6135","temp","1990",11,300,300,4.214,3.1387752974517
"6135","temp","1990",12,310,310,1.68774193548387,3.34067342115851
"6135","temp","2000",1,310,310,1.64193548387097,3.59698491085223
"6135","temp","2000",2,283,283,1.58339222614841,2.97065550438871
"6135","temp","2000",3,310,310,3.05225806451613,3.30020761304107
"6135","temp","2000",4,300,300,7.69633333333333,2.98797700417532
"6135","temp","2000",5,310,310,12.0477419354839,2.38775800036738
"6135","temp","2000",6,300,300,14.637,2.6877147110311
"6135","temp","2000",7,310,310,17.1912903225806,2.4407851168502
"6135","temp","2000",8,310,310,17.2911290322581,2.2622826236748
"6135","temp","2000",9,300,300,14.0633333333333,2.34568001306276
"6135","temp","2000",10,310,310,9.52709677419355,2.97251290458944
"6135","temp","2000",11,300,300,6.02033333333333,2.74842975337793
"6135","temp","2000",12,310,310,2.80645161290323,3.32705254396999
"6135","temp","2010",1,280,280,0.895178571428571,3.3691441917029
"6135","temp","2010",2,254,254,1.01771653543307,3.62503933498656
"6135","temp","2010",3,279,279,3.9905017921147,2.92532154338476
"6135","temp","2010",4,270,270,7.7762962962963,2.97354400114611
"6135","temp","2010",5,279,279,11.9164874551971,3.37907136542531
"6135","temp","2010",6,270,270,15.1848148148148,2.43646991635672
"6135","temp","2010",7,279,279,17.5695340501792,2.84806575750775
"6135","temp","2010",8,279,279,17.1039426523297,2.21312766009213
"6135","temp","2010",9,270,270,14.1492592592593,2.12986800981333
"6135","temp","2010",10,279,279,9.94838709677419,2.7070842142686
"6135","temp","2010",11,270,270,5.79074074074074,3.23246016305986
"6135","temp","2010",12,279,279,3.00465949820789,3.90853564303181
"6135","temp","2020",1,1,1,3.5,NA
"6135","wv","1980",1,62,93,5.49354838709677,1.73846276241651
"6135","wv","1980",2,57,85,6.44736842105263,1.80881820763466
"6135","wv","1980",3,62,93,5.61451612903226,1.8106105096813
"6135","wv","1980",4,60,90,4.94666666666667,1.94852979489202
"6135","wv","1980",5,62,93,4.72741935483871,1.65610340166195
"6135","wv","1980",6,60,90,3.23333333333333,0.96685172590579
"6135","wv","1980",7,92,93,4.1945652173913,1.65591607596672
"6135","wv","1980",8,93,93,4.45913978494624,1.61704484619184
"6135","wv","1980",9,90,90,4.41222222222222,1.75184190565872
"6135","wv","1980",10,93,93,5.15268817204301,2.12866519708282
"6135","wv","1980",11,90,90,4.43777777777778,2.01920986759382
"6135","wv","1980",12,93,93,5.43978494623656,2.11249593696271
"6135","wv","1990",1,310,310,5.62129032258064,2.61625456974134
"6135","wv","1990",2,282,282,5.84290780141844,2.31723452767256
"6135","wv","1990",3,310,310,5.60935483870968,2.25651526540584
"6135","wv","1990",4,300,300,5.0395,1.91925808286139
"6135","wv","1990",5,310,310,4.54306451612903,1.68163272940345
"6135","wv","1990",6,300,300,4.29666666666667,1.60448437905484
"6135","wv","1990",7,310,310,4.17322580645161,1.56270010932819
"6135","wv","1990",8,310,310,4.22967741935484,1.49237817996335
"6135","wv","1990",9,300,300,4.65666666666667,1.86767670555617
"6135","wv","1990",10,310,310,4.97096774193548,2.0975258440224
"6135","wv","1990",11,300,300,4.883,2.06548584419629
"6135","wv","1990",12,310,310,5.20193548387097,2.34096682838888
"6135","wv","2000",1,310,310,5.27969830587143,2.43786648724003
"6135","wv","2000",2,283,283,4.77406512952182,2.09876436539905
"6135","wv","2000",3,310,310,4.9458064516129,2.15148744240931
"6135","wv","2000",4,300,300,4.38133333333333,1.87094977639027
"6135","wv","2000",5,310,310,4.38036783476445,1.77851713821818
"6135","wv","2000",6,300,300,4.38065227817746,1.69033004160148
"6135","wv","2000",7,310,310,3.86685309816663,1.32238369545511
"6135","wv","2000",8,310,310,4.09457298677187,1.4916878334252
"6135","wv","2000",9,300,300,4.38789208633094,1.69386817520066
"6135","wv","2000",10,310,310,4.38279183105129,1.95319270830865
"6135","wv","2000",11,300,300,4.85394964028777,1.88148394347425
"6135","wv","2000",12,310,310,4.76052680436296,2.14559787567245
"6135","wv","2010",1,280,280,4.92785714285714,2.38873004627961
"6135","wv","2010",2,254,254,4.96043307086614,2.15412542193983
"6135","wv","2010",3,279,279,4.73136200716846,2.05378879343708
"6135","wv","2010",4,270,270,4.60296296296296,1.98741171240593
"6135","wv","2010",5,279,279,4.05519713261649,1.57164823080097
"6135","wv","2010",6,270,270,3.79111111111111,1.54597290341445
"6135","wv","2010",7,279,279,3.62939068100358,1.41589003507463
"6135","wv","2010",8,279,279,3.9663082437276,1.6428428789108
"6135","wv","2010",9,270,270,4.4662962962963,1.93926680689207
"6135","wv","2010",10,279,279,4.47455197132617,2.02235467058975
"6135","wv","2010",11,270,270,4.48333333333333,2.06658222236242
"6135","wv","2010",12,279,279,5.15645161290323,2.24335019501424
"6135","wv","2020",1,1,1,4.7,NA
"6135","wind.2m","1980",1,62,93,4.21360654044705,1.33341832088842
"6135","wind.2m","1980",2,57,85,4.94519604331294,1.38738165082351
"6135","wind.2m","1980",3,62,93,4.30639000801415,1.38875636441371
"6135","wind.2m","1980",4,60,90,3.79414279285039,1.49454183516384
"6135","wind.2m","1980",5,62,93,3.62597791252211,1.2702478677151
"6135","wind.2m","1980",6,60,90,2.47999899532673,0.741584940889571
"6135","wind.2m","1980",7,92,93,3.21727346132873,1.27010418703387
"6135","wind.2m","1980",8,93,93,3.42020480000664,1.24028956514043
"6135","wind.2m","1980",9,90,90,3.38421856028951,1.34368025752729
"6135","wind.2m","1980",10,93,93,3.95216334739133,1.63270748973785
"6135","wind.2m","1980",11,90,90,3.40381992691924,1.54875415762469
"6135","wind.2m","1980",12,93,93,4.17236944375057,1.6203055055565
"6135","wind.2m","1990",1,310,310,4.31158588219791,2.00669341375593
"6135","wind.2m","1990",2,282,282,4.48156870432097,1.77734205172094
"6135","wind.2m","1990",3,310,310,4.30243124673129,1.7307697704575
"6135","wind.2m","1990",4,300,300,3.86534688771621,1.47209013936153
"6135","wind.2m","1990",5,310,310,3.48457590794986,1.28982911734921
"6135","wind.2m","1990",6,300,300,3.29558629378986,1.23065556125983
"6135","wind.2m","1990",7,310,310,3.20090591977472,1.19860660859718
"6135","wind.2m","1990",8,310,310,3.24420487130603,1.14466898565669
"6135","wind.2m","1990",9,300,300,3.57170989326954,1.43252670722921
"6135","wind.2m","1990",10,310,310,3.8127819605572,1.60882329459198
"6135","wind.2m","1990",11,300,300,3.74530982294241,1.58424829437167
"6135","wind.2m","1990",12,310,310,3.98993652796531,1.79554496365906
"6135","wind.2m","2000",1,310,310,4.04958138995549,1.86986797085443
"6135","wind.2m","2000",2,283,283,3.66175568809439,1.6097732528713
"6135","wind.2m","2000",3,310,310,3.79348299930324,1.65021238009274
"6135","wind.2m","2000",4,300,300,3.36052647366749,1.43503718528494
"6135","wind.2m","2000",5,310,310,3.35978592661156,1.36414042761417
"6135","wind.2m","2000",6,300,300,3.36000409755336,1.29650004276565
"6135","wind.2m","2000",7,310,310,2.96591498923587,1.01428151633973
"6135","wind.2m","2000",8,310,310,3.14057842066585,1.14413948295947
"6135","wind.2m","2000",9,300,300,3.3655571027947,1.29921382661244
"6135","wind.2m","2000",10,310,310,3.36164515600003,1.49811833637679
"6135","wind.2m","2000",11,300,300,3.72302790658152,1.4431169967648
"6135","wind.2m","2000",12,310,310,3.65137165733386,1.64569502351841
"6135","wind.2m","2010",1,280,280,3.77971570002043,1.8321798293444
"6135","wind.2m","2010",2,254,254,3.80470176251553,1.65223573676863
"6135","wind.2m","2010",3,279,279,3.62900196627985,1.57527653948576
"6135","wind.2m","2010",4,270,270,3.53051861556938,1.52436465465999
"6135","wind.2m","2010",5,279,279,3.11037674682703,1.20546990723509
"6135","wind.2m","2010",6,270,270,2.90782012785389,1.18577667441346
"6135","wind.2m","2010",7,279,279,2.78377894099086,1.08600181375615
"6135","wind.2m","2010",8,279,279,3.04219808028884,1.2600769141789
"6135","wind.2m","2010",9,270,270,3.42569391576691,1.48743703075139
"6135","wind.2m","2010",10,279,279,3.43202610105963,1.55116625296605
"6135","wind.2m","2010",11,270,270,3.43876149352006,1.58508922738728
"6135","wind.2m","2010",12,279,279,3.95504994416008,1.72067202983547
"6135","wind.2m","2020",1,1,1,3.6049469932069,NA
